--
-- PostgreSQL database dump
--

\restrict Vgdx0pN2Ax60VvKaahbg27embr5pcUt0Z7XopvZBA8bWUKqOu1SNw0I6V6H1OZ7

-- Dumped from database version 17.6
-- Dumped by pg_dump version 17.6

SET statement_timeout = 0;
SET lock_timeout = 0;
SET idle_in_transaction_session_timeout = 0;
SET transaction_timeout = 0;
SET client_encoding = 'UTF8';
SET standard_conforming_strings = on;
SELECT pg_catalog.set_config('search_path', '', false);
SET check_function_bodies = false;
SET xmloption = content;
SET client_min_messages = warning;
SET row_security = off;

SET default_tablespace = '';

SET default_table_access_method = heap;

--
-- Name: city; Type: TABLE; Schema: public; Owner: postgres
--

CREATE TABLE public.city (
    city_id integer NOT NULL,
    city_name character varying(100) NOT NULL,
    country character varying(100) NOT NULL
);


ALTER TABLE public.city OWNER TO postgres;

--
-- Name: city_city_id_seq; Type: SEQUENCE; Schema: public; Owner: postgres
--

CREATE SEQUENCE public.city_city_id_seq
    AS integer
    START WITH 1
    INCREMENT BY 1
    NO MINVALUE
    NO MAXVALUE
    CACHE 1;


ALTER SEQUENCE public.city_city_id_seq OWNER TO postgres;

--
-- Name: city_city_id_seq; Type: SEQUENCE OWNED BY; Schema: public; Owner: postgres
--

ALTER SEQUENCE public.city_city_id_seq OWNED BY public.city.city_id;


--
-- Name: city_office; Type: TABLE; Schema: public; Owner: postgres
--

CREATE TABLE public.city_office (
    office_id integer NOT NULL,
    city_id integer NOT NULL,
    manager_id integer
);


ALTER TABLE public.city_office OWNER TO postgres;

--
-- Name: city_office_office_id_seq; Type: SEQUENCE; Schema: public; Owner: postgres
--

CREATE SEQUENCE public.city_office_office_id_seq
    AS integer
    START WITH 1
    INCREMENT BY 1
    NO MINVALUE
    NO MAXVALUE
    CACHE 1;


ALTER SEQUENCE public.city_office_office_id_seq OWNER TO postgres;

--
-- Name: city_office_office_id_seq; Type: SEQUENCE OWNED BY; Schema: public; Owner: postgres
--

ALTER SEQUENCE public.city_office_office_id_seq OWNED BY public.city_office.office_id;


--
-- Name: customer; Type: TABLE; Schema: public; Owner: postgres
--

CREATE TABLE public.customer (
    customer_id integer NOT NULL,
    full_name character varying(150) NOT NULL,
    gender character(10),
    birth_date date,
    cust_phone character varying(20) NOT NULL,
    email character varying(100),
    city_id integer,
    CONSTRAINT customer_gender_check CHECK ((upper((gender)::text) = ANY (ARRAY['MALE'::text, 'FEMALE'::text])))
);


ALTER TABLE public.customer OWNER TO postgres;

--
-- Name: customer_customer_id_seq; Type: SEQUENCE; Schema: public; Owner: postgres
--

CREATE SEQUENCE public.customer_customer_id_seq
    AS integer
    START WITH 1
    INCREMENT BY 1
    NO MINVALUE
    NO MAXVALUE
    CACHE 1;


ALTER SEQUENCE public.customer_customer_id_seq OWNER TO postgres;

--
-- Name: customer_customer_id_seq; Type: SEQUENCE OWNED BY; Schema: public; Owner: postgres
--

ALTER SEQUENCE public.customer_customer_id_seq OWNED BY public.customer.customer_id;


--
-- Name: driver; Type: TABLE; Schema: public; Owner: postgres
--

CREATE TABLE public.driver (
    driver_id integer NOT NULL,
    full_name character varying(150) NOT NULL,
    gender character(10),
    birth_date date,
    driver_phone character varying(20) NOT NULL,
    driving_license_no character varying(50) NOT NULL,
    vehicle_plate_no character varying(20) NOT NULL,
    vehicle_type character varying(50),
    city_id integer,
    CONSTRAINT driver_gender_check CHECK ((upper((gender)::text) = ANY (ARRAY['MALE'::text, 'FEMALE'::text])))
);


ALTER TABLE public.driver OWNER TO postgres;

--
-- Name: driver_driver_id_seq; Type: SEQUENCE; Schema: public; Owner: postgres
--

CREATE SEQUENCE public.driver_driver_id_seq
    AS integer
    START WITH 1
    INCREMENT BY 1
    NO MINVALUE
    NO MAXVALUE
    CACHE 1;


ALTER SEQUENCE public.driver_driver_id_seq OWNER TO postgres;

--
-- Name: driver_driver_id_seq; Type: SEQUENCE OWNED BY; Schema: public; Owner: postgres
--

ALTER SEQUENCE public.driver_driver_id_seq OWNED BY public.driver.driver_id;


--
-- Name: employee; Type: TABLE; Schema: public; Owner: postgres
--

CREATE TABLE public.employee (
    employee_id integer NOT NULL,
    full_name character varying(150) NOT NULL,
    gender character(10),
    "position" character varying(100),
    city_id integer,
    office_id integer,
    manager_id integer,
    CONSTRAINT employee_gender_check CHECK ((upper((gender)::text) = ANY (ARRAY['MALE'::text, 'FEMALE'::text])))
);


ALTER TABLE public.employee OWNER TO postgres;

--
-- Name: employee_employee_id_seq; Type: SEQUENCE; Schema: public; Owner: postgres
--

CREATE SEQUENCE public.employee_employee_id_seq
    AS integer
    START WITH 1
    INCREMENT BY 1
    NO MINVALUE
    NO MAXVALUE
    CACHE 1;


ALTER SEQUENCE public.employee_employee_id_seq OWNER TO postgres;

--
-- Name: employee_employee_id_seq; Type: SEQUENCE OWNED BY; Schema: public; Owner: postgres
--

ALTER SEQUENCE public.employee_employee_id_seq OWNED BY public.employee.employee_id;


--
-- Name: payment_method; Type: TABLE; Schema: public; Owner: postgres
--

CREATE TABLE public.payment_method (
    payment_method_id integer NOT NULL,
    method_name character varying(50) NOT NULL
);


ALTER TABLE public.payment_method OWNER TO postgres;

--
-- Name: payment_method_payment_method_id_seq; Type: SEQUENCE; Schema: public; Owner: postgres
--

CREATE SEQUENCE public.payment_method_payment_method_id_seq
    AS integer
    START WITH 1
    INCREMENT BY 1
    NO MINVALUE
    NO MAXVALUE
    CACHE 1;


ALTER SEQUENCE public.payment_method_payment_method_id_seq OWNER TO postgres;

--
-- Name: payment_method_payment_method_id_seq; Type: SEQUENCE OWNED BY; Schema: public; Owner: postgres
--

ALTER SEQUENCE public.payment_method_payment_method_id_seq OWNED BY public.payment_method.payment_method_id;


--
-- Name: rating; Type: TABLE; Schema: public; Owner: postgres
--

CREATE TABLE public.rating (
    rating_id integer NOT NULL,
    score integer,
    comment text,
    ride_id integer,
    CONSTRAINT rating_score_check CHECK (((score >= 1) AND (score <= 5)))
);


ALTER TABLE public.rating OWNER TO postgres;

--
-- Name: rating_rating_id_seq; Type: SEQUENCE; Schema: public; Owner: postgres
--

CREATE SEQUENCE public.rating_rating_id_seq
    AS integer
    START WITH 1
    INCREMENT BY 1
    NO MINVALUE
    NO MAXVALUE
    CACHE 1;


ALTER SEQUENCE public.rating_rating_id_seq OWNER TO postgres;

--
-- Name: rating_rating_id_seq; Type: SEQUENCE OWNED BY; Schema: public; Owner: postgres
--

ALTER SEQUENCE public.rating_rating_id_seq OWNED BY public.rating.rating_id;


--
-- Name: ride; Type: TABLE; Schema: public; Owner: postgres
--

CREATE TABLE public.ride (
    ride_id integer NOT NULL,
    date date NOT NULL,
    start_time time without time zone NOT NULL,
    end_time time without time zone NOT NULL,
    distance numeric(6,2),
    fare numeric(8,2),
    pick_up_location character varying(255) NOT NULL,
    drop_off_location character varying(255) NOT NULL,
    customer_id integer,
    driver_id integer,
    city_id integer,
    payment_method_id integer
);


ALTER TABLE public.ride OWNER TO postgres;

--
-- Name: ride_ride_id_seq; Type: SEQUENCE; Schema: public; Owner: postgres
--

CREATE SEQUENCE public.ride_ride_id_seq
    AS integer
    START WITH 1
    INCREMENT BY 1
    NO MINVALUE
    NO MAXVALUE
    CACHE 1;


ALTER SEQUENCE public.ride_ride_id_seq OWNER TO postgres;

--
-- Name: ride_ride_id_seq; Type: SEQUENCE OWNED BY; Schema: public; Owner: postgres
--

ALTER SEQUENCE public.ride_ride_id_seq OWNED BY public.ride.ride_id;


--
-- Name: city city_id; Type: DEFAULT; Schema: public; Owner: postgres
--

ALTER TABLE ONLY public.city ALTER COLUMN city_id SET DEFAULT nextval('public.city_city_id_seq'::regclass);


--
-- Name: city_office office_id; Type: DEFAULT; Schema: public; Owner: postgres
--

ALTER TABLE ONLY public.city_office ALTER COLUMN office_id SET DEFAULT nextval('public.city_office_office_id_seq'::regclass);


--
-- Name: customer customer_id; Type: DEFAULT; Schema: public; Owner: postgres
--

ALTER TABLE ONLY public.customer ALTER COLUMN customer_id SET DEFAULT nextval('public.customer_customer_id_seq'::regclass);


--
-- Name: driver driver_id; Type: DEFAULT; Schema: public; Owner: postgres
--

ALTER TABLE ONLY public.driver ALTER COLUMN driver_id SET DEFAULT nextval('public.driver_driver_id_seq'::regclass);


--
-- Name: employee employee_id; Type: DEFAULT; Schema: public; Owner: postgres
--

ALTER TABLE ONLY public.employee ALTER COLUMN employee_id SET DEFAULT nextval('public.employee_employee_id_seq'::regclass);


--
-- Name: payment_method payment_method_id; Type: DEFAULT; Schema: public; Owner: postgres
--

ALTER TABLE ONLY public.payment_method ALTER COLUMN payment_method_id SET DEFAULT nextval('public.payment_method_payment_method_id_seq'::regclass);


--
-- Name: rating rating_id; Type: DEFAULT; Schema: public; Owner: postgres
--

ALTER TABLE ONLY public.rating ALTER COLUMN rating_id SET DEFAULT nextval('public.rating_rating_id_seq'::regclass);


--
-- Name: ride ride_id; Type: DEFAULT; Schema: public; Owner: postgres
--

ALTER TABLE ONLY public.ride ALTER COLUMN ride_id SET DEFAULT nextval('public.ride_ride_id_seq'::regclass);


--
-- Data for Name: city; Type: TABLE DATA; Schema: public; Owner: postgres
--

COPY public.city (city_id, city_name, country) FROM stdin;
1	Panglanjan	Indonesia
2	Monte da Chaminé	Portugal
3	Jinsha	China
4	Carauari	Brazil
5	Magan	Russia
6	Tagakpan	Philippines
7	Ordzhonikidze	Kazakhstan
8	Daveluyville	Canada
9	Ipu	Brazil
10	Bergen	Norway
11	Santa Praxedes	Philippines
12	Baun	Indonesia
13	Gensi	China
14	Zamoskvorech’ye	Russia
15	Lupak	Indonesia
16	El Valle del Espíritu Santo	Venezuela
17	Vetrino	Bulgaria
18	Comal	Indonesia
19	Sobral	Brazil
20	Hyesan-dong	North Korea
21	Olival Basto	Portugal
22	Singgit	Indonesia
23	Nashville	United States
24	Shuangxiqiao	China
25	Sterlitamak	Russia
26	Dongxi	China
27	Al Jīzah	Jordan
28	Xihanling	China
29	Wudangshan	China
30	Mernek	Indonesia
31	Mingguang	China
32	Bloemhof	South Africa
33	Huambo	Angola
34	Kutno	Poland
35	Donskoye	Russia
36	Biryulëvo	Russia
37	Stockholm	Sweden
38	Curug	Indonesia
39	Avignon	France
40	Brodósqui	Brazil
41	Santander de Quilichao	Colombia
42	Quillabamba	Peru
43	Sale	Indonesia
44	Sabanitas	Panama
45	Dingjiaqiao	China
46	Tourcoing	France
47	Leninogorsk	Russia
48	Muzambinho	Brazil
49	Beylagan	Azerbaijan
\.


--
-- Data for Name: city_office; Type: TABLE DATA; Schema: public; Owner: postgres
--

COPY public.city_office (office_id, city_id, manager_id) FROM stdin;
1	17	\N
17	33	\N
28	34	\N
30	14	\N
34	21	\N
49	45	\N
57	38	\N
59	29	\N
64	37	\N
70	16	\N
75	38	\N
77	4	\N
78	20	\N
83	25	\N
86	16	\N
95	41	\N
97	13	\N
108	5	\N
109	5	\N
148	38	\N
154	15	\N
160	5	\N
162	17	\N
173	17	\N
174	30	\N
182	37	\N
183	43	\N
186	43	\N
188	5	\N
2	39	130
3	17	283
4	31	27
5	14	139
6	6	154
7	20	72
8	17	241
9	43	8
10	45	65
11	15	255
12	46	33
13	32	41
14	2	70
15	7	5
16	18	44
18	1	369
19	19	14
20	11	193
21	46	97
22	33	92
23	31	63
24	27	281
25	24	225
26	22	73
27	6	182
29	44	201
31	47	12
32	15	111
33	16	59
35	25	68
36	23	56
37	46	31
38	18	57
39	32	203
40	12	30
41	47	232
42	36	15
43	32	104
44	21	54
45	34	43
46	49	346
47	8	61
48	5	29
50	41	7
51	5	47
52	23	74
53	14	13
54	10	1
55	17	16
56	29	32
58	33	360
60	29	95
61	46	83
62	4	171
63	22	126
65	30	393
66	42	175
67	9	3
68	27	115
69	41	212
71	2	365
72	15	326
73	8	42
74	23	28
76	39	48
79	45	245
80	5	66
81	14	213
82	45	6
84	46	312
85	33	58
87	39	288
88	48	239
89	13	45
90	31	187
91	4	235
92	9	106
93	30	107
94	11	192
96	11	143
98	46	250
99	16	195
100	11	124
101	13	197
102	35	223
103	40	21
104	30	2
105	28	79
106	20	131
107	27	119
110	5	89
111	30	11
112	29	265
113	48	36
114	7	383
115	15	361
116	47	53
117	11	37
118	9	204
119	5	4
120	46	274
121	20	81
122	4	152
123	47	303
124	31	60
125	25	34
126	25	19
127	23	172
128	8	294
129	25	354
130	32	155
131	25	86
132	29	322
133	10	129
134	35	309
135	9	242
136	17	46
137	41	246
138	2	157
139	20	22
140	26	278
141	5	202
142	6	310
143	19	198
144	40	216
145	33	269
146	25	324
147	3	221
149	16	231
150	25	20
151	20	18
152	9	123
153	7	103
155	32	144
156	30	347
157	37	147
158	30	10
159	32	118
161	36	39
163	8	359
164	21	69
165	24	113
166	25	266
167	13	88
168	40	236
169	48	76
170	43	151
171	11	50
172	7	276
175	45	179
176	31	67
177	31	105
178	23	254
179	7	26
180	25	64
181	35	25
184	40	110
185	37	38
187	47	94
189	7	49
190	35	167
191	7	280
192	21	189
193	27	9
194	47	93
195	47	170
196	12	17
197	47	122
198	29	51
199	22	362
200	30	184
\.


--
-- Data for Name: customer; Type: TABLE DATA; Schema: public; Owner: postgres
--

COPY public.customer (customer_id, full_name, gender, birth_date, cust_phone, email, city_id) FROM stdin;
1	Althea Habergham	Female    	1985-11-22	(381) 8231624	ahabergham0@clickbank.net	3
2	Zandra Betteridge	Female    	1998-10-23	(530) 7121300	zbetteridge1@addthis.com	1
3	Neille Duddin	Female    	1986-09-16	(307) 6252773	nduddin2@hubpages.com	37
4	Irma Blackman	Female    	1999-02-15	(172) 6785421	iblackman3@friendfeed.com	6
5	Elberta Penhalewick	Female    	1981-08-09	(977) 6671855	epenhalewick4@reddit.com	15
6	Amber Pyzer	Female    	1973-01-13	(334) 9763515	apyzer5@drupal.org	41
7	Vicky Lamacraft	Female    	1995-12-10	(866) 9177243	vlamacraft6@last.fm	31
8	Vina Cowerd	Female    	1980-11-27	(662) 6133113	vcowerd7@weibo.com	29
9	Aluin Hiley	Male      	1981-10-09	(753) 6441604	ahiley8@hexun.com	25
10	Chester Burn	Male      	1977-12-01	(320) 1514715	cburn9@nsw.gov.au	1
11	Cherri McGavigan	Female    	1980-03-11	(901) 4509703	cmcgavigana@phpbb.com	23
12	Dinnie Trevains	Female    	1979-12-20	(679) 2183112	dtrevainsb@accuweather.com	19
13	Rikki Darbishire	Female    	2003-01-30	(986) 5571260	rdarbishirec@w3.org	20
14	Antonina Dallywater	Female    	1996-08-17	(374) 9087398	adallywaterd@state.tx.us	38
15	Geordie Bertelet	Male      	1991-09-19	(312) 9533981	gbertelete@uol.com.br	41
16	Kimble Stinchcombe	Male      	1983-04-15	(177) 3661559	kstinchcombef@1und1.de	47
17	Selle Chell	Female    	1995-05-04	(979) 2842223	schellg@discuz.net	17
18	Leanor Jobling	Female    	2001-11-10	(342) 7592159	ljoblingh@simplemachines.org	9
19	Loren Fedynski	Female    	1984-02-05	(856) 2907582	lfedynskii@sun.com	47
20	Ki Ghilks	Female    	1990-05-22	(181) 6655449	kghilksj@wikia.com	8
21	Erin Lightbody	Female    	1979-03-05	(458) 8890831	elightbodyk@msu.edu	19
22	Curt Furby	Male      	1977-07-11	(445) 3060163	cfurbyl@wikia.com	32
23	Jerry Stollberger	Female    	1976-06-11	(651) 8420087	jstollbergerm@4shared.com	35
24	Kellie Drinkall	Female    	1984-02-29	(462) 8851339	kdrinkalln@earthlink.net	32
25	Kahlil Fonzo	Male      	1974-09-10	(542) 5563058	kfonzoo@spiegel.de	17
26	Karney Grinyer	Male      	1989-12-31	(121) 9930546	kgrinyerp@washington.edu	22
27	Skippy Deppen	Male      	1987-02-27	(639) 6350349	sdeppenq@yolasite.com	19
28	Fidelity Curteis	Female    	2003-09-20	(139) 4756141	fcurteisr@odnoklassniki.ru	44
29	Lorry Edis	Male      	1978-04-05	(867) 6265294	lediss@ca.gov	13
30	Heriberto Greguol	Male      	1974-10-21	(240) 8944862	hgreguolt@shareasale.com	34
31	Merna Barenskie	Female    	1979-11-15	(171) 9891136	mbarenskieu@discuz.net	18
32	Rosemarie Smithers	Female    	2002-01-05	(208) 2311690	rsmithersv@people.com.cn	16
33	Marilin Eggerton	Female    	1992-03-04	(781) 2743044	meggertonw@multiply.com	29
34	Vera Hyett	Female    	1988-08-08	(652) 8235350	vhyettx@networksolutions.com	26
35	Ewart Checkley	Male      	1992-09-19	(100) 8038406	echeckleyy@ucoz.ru	42
36	Shirlee Fingleton	Female    	1999-02-24	(559) 3028598	sfingletonz@tumblr.com	5
37	Harri Tiptaft	Female    	1991-05-23	(737) 2433967	htiptaft10@jigsy.com	30
38	Edsel Goldster	Male      	1973-02-10	(687) 9597203	egoldster11@elpais.com	14
39	Codi Kleinert	Male      	1978-03-27	(691) 3808359	ckleinert12@deliciousdays.com	4
40	Drud Addyman	Male      	1987-04-24	(443) 3212122	daddyman13@scientificamerican.com	25
41	Modesty Rennolds	Female    	2000-04-05	(998) 3288763	mrennolds14@cnbc.com	29
42	Marcille Mannagh	Female    	1972-11-02	(837) 2266433	mmannagh15@drupal.org	30
43	Wendie Swatridge	Female    	1981-06-19	(971) 2402595	wswatridge16@illinois.edu	7
44	Emyle Feasley	Female    	2001-03-27	(540) 5573953	efeasley17@google.es	37
45	Sigmund Meers	Male      	1998-04-09	(849) 3012445	smeers18@adobe.com	22
46	Riki Ferriere	Female    	1998-02-16	(556) 4036785	rferriere19@china.com.cn	41
47	Kiele Druce	Female    	1979-08-29	(501) 3989545	kdruce1a@hc360.com	25
48	Amata Margetson	Female    	1985-02-03	(506) 6284516	amargetson1b@booking.com	33
49	Angela Clutram	Female    	1991-06-21	(668) 9287356	aclutram1c@cam.ac.uk	30
50	Madelin Grigolashvill	Female    	2000-05-31	(978) 6930409	mgrigolashvill1d@sciencedirect.com	33
51	Don Bentz	Male      	1988-01-29	(297) 3390421	dbentz1e@pinterest.com	31
52	Brig Selwyn	Male      	1999-12-07	(724) 5316428	bselwyn1f@bigcartel.com	12
53	Cally Beazey	Female    	1986-02-26	(462) 4733966	cbeazey1g@miibeian.gov.cn	38
54	Shelbi Poyner	Female    	1990-06-06	(520) 8935318	spoyner1h@soundcloud.com	8
55	Quent Raddin	Male      	1991-09-08	(126) 9341580	qraddin1i@over-blog.com	10
56	Kelly Kalisch	Female    	2005-06-22	(155) 8974561	kkalisch1j@illinois.edu	15
57	Rudolf Sharples	Male      	2004-03-02	(515) 5742428	rsharples1k@house.gov	10
58	Conrade Lukins	Male      	1973-09-09	(287) 4739603	clukins1l@360.cn	17
59	Herbert Lewknor	Male      	1983-11-26	(755) 3449514	hlewknor1m@hibu.com	18
60	Constancia Leftley	Female    	1987-01-05	(849) 4471624	cleftley1n@arstechnica.com	22
61	Novelia Dundon	Female    	1992-09-20	(992) 7039104	ndundon1o@ucsd.edu	20
62	Leanor Raikes	Female    	1984-08-19	(557) 9323972	lraikes1p@ed.gov	25
63	Jerome Mulchrone	Male      	1985-10-25	(646) 1142361	jmulchrone1q@unesco.org	21
64	Beck Daulby	Male      	1997-05-30	(863) 3439049	bdaulby1r@sphinn.com	48
65	Tatiania Swanwick	Female    	2003-04-22	(154) 1475492	tswanwick1s@dagondesign.com	23
66	Justin Stores	Male      	1988-04-14	(846) 5386737	jstores1t@mit.edu	27
67	Darsie Martusewicz	Female    	1983-09-08	(386) 3512545	dmartusewicz1u@buzzfeed.com	25
68	Hans Sifflett	Male      	2004-12-04	(247) 5717650	hsifflett1v@paginegialle.it	29
69	Mike Jiggle	Male      	1975-08-23	(458) 7848751	mjiggle1w@odnoklassniki.ru	4
70	Hana Yule	Female    	1996-09-13	(574) 2084944	hyule1x@tinypic.com	40
71	Reube Blaasch	Male      	1979-11-24	(435) 6324686	rblaasch1y@bloglovin.com	46
72	Rasia Gates	Female    	2002-05-22	(609) 8243315	rgates1z@storify.com	21
73	Egor Pendle	Male      	1983-08-26	(686) 1452332	ependle20@europa.eu	18
74	Isidor Growcott	Male      	1972-05-16	(520) 2504561	igrowcott21@ow.ly	39
75	Enos Bradbury	Male      	1985-02-05	(972) 2511262	ebradbury22@wunderground.com	20
76	Shayla McTrustrie	Female    	1995-03-16	(577) 3490298	smctrustrie23@gravatar.com	6
77	Danell Nuth	Female    	1998-12-13	(543) 3425834	dnuth24@deliciousdays.com	36
78	Cassandra Jelliman	Female    	1990-09-03	(834) 6597134	cjelliman25@posterous.com	6
79	Alleyn Dubock	Male      	2002-01-09	(242) 1436623	adubock26@cbc.ca	31
80	Britni Flood	Female    	2000-03-19	(705) 3400272	bflood27@icio.us	36
81	Yasmin Sygroves	Female    	2004-09-28	(339) 2602700	ysygroves28@amazon.co.uk	9
82	Neda Higgan	Female    	1978-02-25	(206) 6722200	nhiggan29@imdb.com	41
83	Vania Tanswell	Female    	1980-06-04	(869) 7647005	vtanswell2a@phoca.cz	23
84	Borden Levington	Male      	2005-06-15	(749) 4967425	blevington2b@artisteer.com	11
85	Mick Whalley	Male      	1985-10-31	(679) 5199901	mwhalley2c@slideshare.net	32
86	Elizabet Elcoat	Female    	1984-08-30	(858) 4136734	eelcoat2d@addtoany.com	8
87	Allayne Wenger	Male      	1998-10-06	(833) 1075871	awenger2e@amazon.com	10
88	Nat Leport	Male      	1988-01-31	(693) 6681564	nleport2f@mediafire.com	26
89	Jens Vase	Male      	1983-09-20	(509) 1774423	jvase2g@narod.ru	44
90	Barnie Infantino	Male      	1982-05-22	(907) 8399650	binfantino2h@ucsd.edu	33
91	Marcelline Libri	Female    	2006-11-02	(634) 8553194	mlibri2i@fema.gov	40
92	Lawrence McKilroe	Male      	2004-07-09	(605) 5569359	lmckilroe2j@xinhuanet.com	27
93	Renie Styan	Female    	2001-04-09	(575) 4402647	rstyan2k@mozilla.org	24
94	Isak Lett	Male      	2000-08-02	(276) 8572017	ilett2l@reference.com	32
95	Perkin Haddrill	Male      	1991-04-25	(833) 7233336	phaddrill2m@parallels.com	26
96	Donaugh Alsford	Male      	1987-02-22	(730) 8635363	dalsford2n@cocolog-nifty.com	48
97	Del Skillicorn	Female    	1983-10-29	(720) 9154136	dskillicorn2o@businesswire.com	38
98	Lorrie Germann	Male      	2005-05-28	(297) 6986876	lgermann2p@indiegogo.com	8
99	Mohandas MacQuarrie	Male      	2005-08-08	(330) 1178538	mmacquarrie2q@ning.com	40
100	Inessa M'Chirrie	Female    	1985-05-13	(824) 8114134	imchirrie2r@theglobeandmail.com	31
101	Jon Emms	Male      	2000-03-14	(493) 2544827	jemms2s@webs.com	44
102	Jourdain Olekhov	Male      	1996-02-04	(133) 7595809	jolekhov2t@smugmug.com	1
103	Gretta Martindale	Female    	1982-03-19	(856) 2693652	gmartindale2u@shinystat.com	14
104	Ariela Stoad	Female    	1997-04-20	(697) 6445505	astoad2v@nytimes.com	21
105	Ruby Middle	Female    	2004-07-31	(602) 2914402	rmiddle2w@desdev.cn	3
106	Yevette Harms	Female    	1989-03-04	(265) 6908175	yharms2x@mac.com	27
107	Bernadina Brann	Female    	1977-02-07	(816) 4832317	bbrann2y@behance.net	10
108	Reine Aylen	Female    	1988-04-18	(387) 4006786	raylen2z@sourceforge.net	18
109	Elianora Seckington	Female    	1994-06-09	(996) 1153337	eseckington30@hud.gov	38
110	Lowell Loyley	Male      	1982-12-17	(718) 9799240	lloyley31@forbes.com	43
111	Barret Jellard	Male      	1992-12-02	(499) 4841467	bjellard32@hatena.ne.jp	23
112	Adorne Norvell	Female    	1971-08-05	(458) 8612708	anorvell33@wunderground.com	35
113	Levin Wannes	Male      	1998-01-13	(846) 6631522	lwannes34@acquirethisname.com	37
114	Karlene Pritchitt	Female    	1995-04-27	(497) 5437773	kpritchitt35@usa.gov	1
115	Lucky Mooring	Female    	1980-06-18	(999) 8972937	lmooring36@intel.com	10
116	Chadd Punyer	Male      	1991-01-14	(815) 3405178	cpunyer37@meetup.com	29
117	Norris Whitfield	Male      	1976-09-12	(799) 2521690	nwhitfield38@github.com	8
118	Rutherford Cullingford	Male      	1970-04-17	(223) 9408517	rcullingford39@plala.or.jp	23
119	Berkley Burree	Male      	1998-05-24	(698) 9047241	bburree3a@noaa.gov	47
120	Milli Winterbottom	Female    	1984-08-05	(957) 5515464	mwinterbottom3b@qq.com	32
121	Warde Emblin	Male      	1989-04-21	(761) 5531746	wemblin3c@biblegateway.com	36
122	Malchy Trass	Male      	2004-10-05	(190) 3761936	mtrass3d@answers.com	25
123	Willa Ruthen	Female    	2004-01-13	(221) 9327496	wruthen3e@globo.com	39
124	Alric Ladbury	Male      	1999-02-01	(619) 4970628	aladbury3f@salon.com	29
125	Lenci Le Guin	Male      	1970-02-06	(859) 1654479	lle3g@purevolume.com	29
126	Hunter Coplestone	Male      	2006-07-11	(139) 3224170	hcoplestone3h@privacy.gov.au	25
127	Kippy Feathersby	Female    	1974-10-19	(172) 9978664	kfeathersby3i@homestead.com	31
128	Belvia Caff	Female    	1984-08-13	(190) 9387288	bcaff3j@artisteer.com	1
129	Gaby Lowrie	Male      	1986-06-17	(288) 8669035	glowrie3k@pcworld.com	28
130	Bertha LeEstut	Female    	1985-03-05	(277) 1014880	bleestut3l@sun.com	28
131	Liam Wasiel	Male      	2003-03-18	(651) 4130111	lwasiel3m@jiathis.com	11
132	Audrey Cohen	Female    	2004-10-07	(864) 8235874	acohen3n@simplemachines.org	9
133	Alfy Joder	Female    	2006-04-22	(985) 6041435	ajoder3o@deviantart.com	18
134	Robbyn Mallen	Female    	1982-03-14	(723) 8715108	rmallen3p@nhs.uk	30
135	Jenny Keay	Female    	1986-09-19	(938) 6192613	jkeay3q@feedburner.com	41
136	Charmine Nansom	Female    	1983-08-02	(381) 1790317	cnansom3r@artisteer.com	48
137	Bari Bussy	Female    	1995-12-13	(983) 2685731	bbussy3s@cdbaby.com	19
138	Vernon Embra	Male      	1994-12-02	(836) 3935085	vembra3t@ibm.com	23
139	Teador Jenckes	Male      	1992-10-16	(996) 5947520	tjenckes3u@qq.com	4
140	Tucker Montes	Male      	1995-11-19	(285) 3663209	tmontes3v@ebay.com	6
141	Camella Pordal	Female    	1984-11-20	(278) 2715756	cpordal3w@zimbio.com	3
142	Charlotte D'Costa	Female    	1992-01-05	(413) 7923354	cdcosta3x@xing.com	46
143	Consalve Swannell	Male      	1975-08-12	(757) 1838049	cswannell3y@slashdot.org	26
144	Isabella Glancy	Female    	1984-06-20	(587) 7653420	iglancy3z@redcross.org	3
145	Vivienne Skechley	Female    	1989-03-03	(720) 8362989	vskechley40@addthis.com	46
146	Patrica Reichartz	Female    	1974-09-18	(229) 4865827	preichartz41@microsoft.com	28
147	Ogdon Nairn	Male      	1975-03-18	(547) 6954323	onairn42@uiuc.edu	14
148	Gris Colegate	Male      	1979-08-05	(754) 1950202	gcolegate43@jiathis.com	24
149	Wesley De Biasi	Male      	1977-03-29	(147) 7578005	wde44@hc360.com	6
150	Bucky Hearon	Male      	1979-06-03	(508) 7659295	bhearon45@bizjournals.com	1
151	Way Shottin	Male      	1976-06-29	(674) 2488027	wshottin46@usatoday.com	15
152	Franny Bletsoe	Male      	1975-11-27	(479) 7674766	fbletsoe47@w3.org	49
153	Shayna Quiney	Female    	1991-09-01	(498) 3459050	squiney48@photobucket.com	42
154	Lizbeth Loudiane	Female    	2001-12-02	(569) 4607802	lloudiane49@cyberchimps.com	4
155	Vincenty Garfath	Male      	2006-04-13	(566) 8674183	vgarfath4a@unesco.org	32
156	Karena Cranton	Female    	2000-06-10	(875) 8691958	kcranton4b@hibu.com	32
157	Tallulah Rabbe	Female    	1976-06-19	(337) 4415076	trabbe4c@comcast.net	25
158	Mellicent Mary	Female    	1973-04-02	(688) 2018249	mmary4d@cdc.gov	13
159	Carmon Hayes	Female    	2002-12-27	(270) 8746478	chayes4e@example.com	38
160	Lolita Gilkes	Female    	1979-10-15	(490) 3701996	lgilkes4f@google.com	35
161	Jeromy Pettman	Male      	1993-12-06	(438) 8126804	jpettman4g@senate.gov	17
162	Andeee Cunniff	Female    	1987-07-27	(667) 3898667	acunniff4h@moonfruit.com	7
163	Che Schlag	Male      	2004-12-10	(804) 9365337	cschlag4i@dell.com	33
164	Urbano Stockney	Male      	1990-09-28	(349) 6778107	ustockney4j@networksolutions.com	36
165	Maressa Allkins	Female    	1970-05-17	(331) 5022495	mallkins4k@china.com.cn	39
166	Jan Escale	Male      	1984-03-20	(120) 1164558	jescale4l@opera.com	40
167	Caitrin Hawkeswood	Female    	1996-04-09	(738) 4679699	chawkeswood4m@shareasale.com	18
168	Pyotr Neaverson	Male      	1987-04-18	(894) 9545027	pneaverson4n@woothemes.com	8
169	Barnie Rowat	Male      	1982-06-13	(516) 8461506	browat4o@instagram.com	22
170	Barbara-anne Sarl	Female    	1978-01-26	(337) 8837544	bsarl4p@webeden.co.uk	32
171	Ailbert Tant	Male      	1974-08-04	(747) 3364609	atant4q@nps.gov	48
172	Ash Laughrey	Male      	1997-03-31	(493) 9963423	alaughrey4r@odnoklassniki.ru	38
173	Gilli Eastway	Female    	2005-09-11	(745) 5925622	geastway4s@mlb.com	44
174	Joanna Asbrey	Female    	1973-11-27	(894) 4849722	jasbrey4t@soundcloud.com	23
175	Care Jeyness	Male      	1999-01-29	(215) 4533472	cjeyness4u@indiatimes.com	44
176	Cart Sandiford	Male      	1972-04-06	(439) 3507183	csandiford4v@auda.org.au	44
177	Tonia Lisimore	Female    	1997-01-11	(970) 3777108	tlisimore4w@craigslist.org	25
178	Northrop Dysert	Male      	1978-07-10	(105) 3232769	ndysert4x@wikipedia.org	35
179	Inessa Gobel	Female    	1998-08-27	(655) 1056820	igobel4y@wp.com	11
180	Rafaelita Danhel	Female    	1975-06-09	(798) 2569184	rdanhel4z@posterous.com	15
181	Bentley Sharnock	Male      	1993-08-20	(882) 7238584	bsharnock50@bbc.co.uk	31
182	Marcos Rodder	Male      	1996-12-17	(717) 6768893	mrodder51@jugem.jp	23
183	Cyndia Juliano	Female    	2006-11-21	(308) 7828826	cjuliano52@imdb.com	19
184	Irita MacDuff	Female    	1975-12-17	(569) 4813772	imacduff53@xrea.com	46
185	Bernita Buche	Female    	1988-12-05	(740) 5299349	bbuche54@angelfire.com	8
186	Morganne Le Pruvost	Female    	1987-05-20	(193) 1778131	mle55@globo.com	12
187	Catriona Renshall	Female    	1970-12-29	(423) 3200176	crenshall56@army.mil	3
188	Stanislaw Pydcock	Male      	2001-10-14	(354) 2543757	spydcock57@google.de	14
189	Davey Roskell	Male      	1985-02-06	(345) 1949759	droskell58@cmu.edu	49
190	Irving Stroton	Male      	1973-11-30	(959) 8410386	istroton59@berkeley.edu	5
191	Mireielle Rehorek	Female    	1996-08-16	(303) 8389989	mrehorek5a@over-blog.com	34
192	Jessica Nutbrown	Female    	1975-04-08	(206) 9331648	jnutbrown5b@live.com	44
193	Shawn Awin	Male      	2001-04-21	(617) 1578766	sawin5c@mediafire.com	40
194	Maris Sheeres	Female    	1972-01-07	(577) 7430302	msheeres5d@paginegialle.it	19
195	Zollie Farryn	Male      	1988-01-11	(605) 4671740	zfarryn5e@nps.gov	3
196	Inglebert Newson	Male      	1972-11-05	(984) 8969655	inewson5f@domainmarket.com	21
197	Doy Fettes	Male      	1971-04-28	(276) 7507056	dfettes5g@pen.io	46
198	Wilburt Ambrozik	Male      	1994-11-21	(237) 2852742	wambrozik5h@topsy.com	45
199	Wainwright Huonic	Male      	1971-08-30	(708) 5650911	whuonic5i@google.cn	23
200	Zebadiah Senechell	Male      	1978-04-16	(906) 2891595	zsenechell5j@moonfruit.com	16
201	Christy Glasscoe	Female    	1981-08-23	(679) 5984574	cglasscoe5k@drupal.org	18
202	Deedee Cagan	Female    	1987-05-12	(934) 2985956	dcagan5l@toplist.cz	43
203	Meridith Breslane	Female    	1974-04-09	(148) 7055082	mbreslane5m@bbc.co.uk	48
204	Dru Le Prevost	Male      	2002-04-07	(557) 4835248	dle5n@php.net	19
205	Krystalle Dewan	Female    	1990-08-27	(316) 5838635	kdewan5o@twitpic.com	42
206	Yancy Dusting	Male      	1992-04-26	(491) 2560975	ydusting5p@posterous.com	44
207	Alon Leeson	Male      	1988-04-18	(928) 3184963	aleeson5q@pcworld.com	43
208	Corella Magne	Female    	1993-06-04	(946) 2843214	cmagne5r@parallels.com	9
209	Ferrell Wrathmell	Male      	1977-11-01	(517) 7310956	fwrathmell5s@jugem.jp	32
210	Bianka Spellesy	Female    	1981-01-29	(252) 1311838	bspellesy5t@blogspot.com	8
211	Tiphanie Blaschke	Female    	1998-06-10	(262) 9031400	tblaschke5u@reverbnation.com	35
212	Francesco Vossgen	Male      	1973-05-22	(759) 9718321	fvossgen5v@spiegel.de	23
213	Lauree Degoey	Female    	1988-01-24	(493) 7690806	ldegoey5w@w3.org	42
214	Kile Flynn	Male      	2002-10-12	(848) 1719638	kflynn5x@canalblog.com	46
215	Hugibert Simonite	Male      	1993-12-14	(876) 1719653	hsimonite5y@earthlink.net	41
216	Verena Heindle	Female    	2005-12-12	(291) 2741911	vheindle5z@who.int	17
217	Cody Isgate	Male      	1987-01-15	(771) 6662092	cisgate60@wikispaces.com	40
218	Luz Bridgewater	Female    	1997-05-03	(184) 6304043	lbridgewater61@skype.com	18
219	Shannah Wrigglesworth	Female    	1992-01-06	(558) 3647234	swrigglesworth62@unc.edu	35
220	Sophey Stride	Female    	1971-07-08	(280) 1245004	sstride63@gmpg.org	23
221	Abigail Guyet	Female    	1982-12-25	(574) 6072771	aguyet64@csmonitor.com	36
222	Jaimie Husk	Male      	1992-05-09	(116) 6439810	jhusk65@webnode.com	27
223	Ferdinanda Lamke	Female    	1977-07-29	(463) 9280246	flamke66@reference.com	32
224	Camile Pughsley	Female    	1975-07-23	(205) 3889044	cpughsley67@ed.gov	18
225	Michail Tunnicliff	Male      	1990-02-27	(248) 3062457	mtunnicliff68@upenn.edu	28
226	Dennis Hawes	Male      	2003-11-08	(597) 8768929	dhawes69@sourceforge.net	34
227	Rae Menendes	Female    	1982-10-01	(339) 8152926	rmenendes6a@furl.net	28
228	Garrott Sillito	Male      	1986-09-26	(964) 5037108	gsillito6b@dyndns.org	12
229	Anny Kirman	Female    	2005-12-02	(820) 4011561	akirman6c@admin.ch	9
230	Cully Daggett	Male      	1988-08-18	(108) 8349272	cdaggett6d@pbs.org	43
231	Clarisse Jacks	Female    	1997-08-14	(428) 5254944	cjacks6e@cisco.com	17
232	Kat McComiskey	Female    	2001-10-20	(361) 2285041	kmccomiskey6f@dagondesign.com	22
233	Red Vreiberg	Male      	1987-10-22	(756) 6345467	rvreiberg6g@shop-pro.jp	34
234	Karyl Annis	Female    	1970-03-06	(932) 3526174	kannis6h@army.mil	45
235	Billy Varfalameev	Female    	1994-04-25	(289) 1824136	bvarfalameev6i@forbes.com	31
236	Raleigh Cheeld	Male      	1997-11-04	(219) 6274763	rcheeld6j@ibm.com	45
237	Mitchel Trevna	Male      	1975-08-09	(473) 1204943	mtrevna6k@bing.com	13
238	Marie-jeanne Marnes	Female    	1980-07-10	(243) 2242091	mmarnes6l@omniture.com	27
239	Sheffy Redihalgh	Male      	1978-02-19	(117) 7475774	sredihalgh6m@skyrock.com	38
240	Blondy Male	Female    	1996-02-09	(687) 9555669	bmale6n@mail.ru	22
241	Colline Halms	Female    	1996-11-01	(309) 7435663	chalms6o@ebay.co.uk	12
242	Tracie Yokel	Male      	1987-05-16	(546) 3829049	tyokel6p@phoca.cz	21
243	Rafaela Ianizzi	Female    	1977-03-06	(112) 7069994	rianizzi6q@drupal.org	12
244	Kristos Chicco	Male      	1989-02-25	(750) 3705815	kchicco6r@elegantthemes.com	12
245	Diego Brewers	Male      	1991-11-18	(583) 6898837	dbrewers6s@opera.com	21
246	Purcell Rechert	Male      	2006-04-08	(259) 3895401	prechert6t@comcast.net	20
247	Aldous Flecknell	Male      	2005-07-10	(887) 1578446	aflecknell6u@myspace.com	47
248	Marylynne Panswick	Female    	1993-01-25	(247) 4114383	mpanswick6v@cisco.com	25
249	Ynes Venediktov	Female    	1997-11-04	(842) 5509034	yvenediktov6w@chronoengine.com	48
250	Laird Macewan	Male      	1971-02-05	(140) 4519784	lmacewan6x@wisc.edu	42
251	Vic Warboy	Male      	1989-08-20	(919) 5310114	vwarboy6y@usa.gov	5
252	Hagen Bartoszek	Male      	1977-11-01	(997) 2440405	hbartoszek6z@baidu.com	23
253	Annis Binley	Female    	1992-11-22	(675) 8438746	abinley70@de.vu	6
254	Dmitri Mattea	Male      	1981-03-04	(339) 8774729	dmattea71@spiegel.de	13
255	Babette Got	Female    	1984-01-20	(789) 5635333	bgot72@usda.gov	8
256	Tamera Kilalea	Female    	2004-03-26	(469) 8435775	tkilalea73@e-recht24.de	35
257	Celestine Cund	Female    	1970-12-05	(218) 2884315	ccund74@marriott.com	23
258	Bernardine Gearty	Female    	1978-05-15	(601) 5367821	bgearty75@unicef.org	31
259	Anallese Tomich	Female    	1983-09-19	(178) 5394732	atomich76@163.com	24
260	Viole Ebanks	Female    	1974-07-30	(308) 9409551	vebanks77@cbsnews.com	12
261	Arley Ebhardt	Male      	1999-03-25	(567) 5044133	aebhardt78@fda.gov	44
262	Merline Joule	Female    	1986-04-06	(706) 3185807	mjoule79@google.ca	44
263	Aidan Milkin	Female    	1999-03-08	(244) 2891749	amilkin7a@360.cn	31
264	Fionnula McKelvey	Female    	1986-01-05	(121) 8716102	fmckelvey7b@wired.com	11
265	Georgie Braidman	Female    	1999-09-23	(477) 9769382	gbraidman7c@businessweek.com	31
266	Fania Wickenden	Female    	1983-12-09	(458) 6943555	fwickenden7d@surveymonkey.com	41
267	Heath Twelve	Female    	1992-10-04	(708) 5875280	htwelve7e@cnet.com	32
268	Dougie Dermot	Male      	1977-06-14	(682) 5717704	ddermot7f@goo.ne.jp	37
269	Udale McTeague	Male      	1990-12-15	(821) 5184012	umcteague7g@businessinsider.com	5
270	Wendye Ison	Female    	1972-05-02	(864) 2797025	wison7h@cisco.com	27
271	Stacia Barnsley	Female    	1998-09-16	(697) 8324416	sbarnsley7i@wufoo.com	47
272	Edita Braisted	Female    	1992-07-20	(212) 7018396	ebraisted7j@macromedia.com	24
273	Rosie Reburn	Female    	1976-07-08	(383) 3326605	rreburn7k@dailymotion.com	40
274	Finley Fitkin	Male      	1972-01-28	(505) 1030338	ffitkin7l@whitehouse.gov	42
275	Mayor Brunesco	Male      	1979-04-24	(212) 2845810	mbrunesco7m@mac.com	38
276	Ron Robbel	Male      	1983-05-13	(578) 2930180	rrobbel7n@wisc.edu	46
277	Daryl Rowledge	Male      	2000-08-30	(517) 3656736	drowledge7o@prlog.org	12
278	Terrijo Cantor	Female    	1973-11-01	(103) 6974525	tcantor7p@msn.com	37
279	Jorrie Lording	Female    	2001-05-20	(840) 4110806	jlording7q@cisco.com	46
280	Drona Offield	Female    	2005-06-06	(498) 5200350	doffield7r@jugem.jp	29
281	Isiahi Skehens	Male      	1977-04-26	(780) 1017411	iskehens7s@google.com	7
282	Zolly Thompkins	Male      	1973-03-23	(743) 7219364	zthompkins7t@twitter.com	16
283	Martynne Windebank	Female    	1971-06-23	(236) 3300342	mwindebank7u@washington.edu	12
284	Cecile Chomiszewski	Female    	1995-06-06	(449) 5440326	cchomiszewski7v@mlb.com	35
285	Mallorie Wakeling	Female    	1997-07-13	(474) 3166700	mwakeling7w@arstechnica.com	18
286	Shaun Dongate	Male      	1975-05-05	(549) 6527468	sdongate7x@icio.us	44
287	Tallie Grinaway	Male      	2003-11-12	(705) 5741201	tgrinaway7y@soup.io	42
288	Daphna Jellard	Female    	2001-04-16	(357) 6101015	djellard7z@chicagotribune.com	5
289	Martynne Punch	Female    	1985-06-05	(916) 3205614	mpunch80@amazon.co.jp	1
290	Jammal Crux	Male      	2003-06-30	(231) 9871783	jcrux81@cisco.com	27
291	Sheelah Pickburn	Female    	1990-04-25	(991) 3632869	spickburn82@cocolog-nifty.com	28
292	Flin Durdle	Male      	2004-04-24	(901) 7600266	fdurdle83@yahoo.co.jp	16
293	Tyne Brient	Female    	2006-02-02	(670) 3488093	tbrient84@stumbleupon.com	5
294	Iggy Lepard	Male      	1977-06-10	(818) 5441922	ilepard85@uiuc.edu	9
295	Chrysa Blandamere	Female    	1984-04-20	(195) 6357916	cblandamere86@msn.com	15
296	Florian Chifney	Male      	1984-02-01	(160) 6771545	fchifney87@w3.org	13
297	Alana Baily	Female    	1983-07-27	(605) 7156499	abaily88@reddit.com	33
298	Moyra Squibe	Female    	1973-07-14	(464) 2342600	msquibe89@china.com.cn	44
299	Elvis Cornier	Male      	1999-07-02	(691) 3429289	ecornier8a@economist.com	19
300	Carolynn Prantl	Female    	1976-11-24	(317) 9881040	cprantl8b@dailymail.co.uk	21
301	Gerik Vasin	Male      	1973-08-05	(138) 1502968	gvasin8c@mtv.com	30
302	Nathanil Mines	Male      	1982-12-13	(331) 8058412	nmines8d@ftc.gov	36
303	Lianne Baish	Female    	1998-04-09	(141) 6902889	lbaish8e@cocolog-nifty.com	22
304	Sandor Creamen	Male      	1982-04-10	(991) 7921114	screamen8f@jiathis.com	47
305	Anatole Makin	Male      	1987-08-05	(203) 1034395	amakin8g@nature.com	13
306	Maurie Veart	Male      	1982-05-21	(387) 3036298	mveart8h@altervista.org	42
307	Dede Verillo	Female    	1989-07-20	(964) 5476340	dverillo8i@army.mil	41
308	Nichole Archard	Male      	1995-05-15	(624) 8222008	narchard8j@fc2.com	8
309	Danice Wightman	Female    	1990-05-06	(109) 6250166	dwightman8k@istockphoto.com	48
310	Forrester Torritti	Male      	1978-05-03	(402) 5196677	ftorritti8l@geocities.com	3
311	Janice Tomaszczyk	Female    	1999-06-22	(696) 9439621	jtomaszczyk8m@umich.edu	42
312	Elka Plewes	Female    	1996-07-12	(934) 2581980	eplewes8n@amazon.com	46
313	Philippe Gall	Female    	1998-12-01	(213) 8657835	pgall8o@berkeley.edu	13
314	Alasdair Balbeck	Male      	1983-10-15	(300) 4776651	abalbeck8p@marketwatch.com	49
315	Hermie Shercliff	Male      	2001-01-30	(521) 6399574	hshercliff8q@free.fr	31
316	Paton Brewood	Male      	2000-09-21	(136) 1312003	pbrewood8r@xinhuanet.com	49
317	Aindrea Batrick	Female    	2000-06-01	(662) 4777276	abatrick8s@chicagotribune.com	37
318	Denny Irdale	Male      	1983-04-04	(350) 3802923	dirdale8t@yolasite.com	36
319	Ritchie Redwin	Male      	1990-08-21	(871) 3796090	rredwin8u@nifty.com	35
320	Silvio Jovanovic	Male      	2000-08-03	(500) 3002480	sjovanovic8v@princeton.edu	31
321	Earvin Petel	Male      	1976-01-10	(562) 2982874	epetel8w@ask.com	30
322	Etta Klos	Female    	1996-09-16	(377) 5339781	eklos8x@disqus.com	12
323	Ken Aguirre	Male      	1992-01-04	(295) 7347195	kaguirre8y@tmall.com	41
324	Zenia Fahrenbacher	Female    	2002-04-25	(897) 9520702	zfahrenbacher8z@shop-pro.jp	22
325	Rog Yarranton	Male      	1989-08-28	(410) 4220465	ryarranton90@yahoo.com	19
326	Kahlil Echlin	Male      	1985-03-04	(763) 9347388	kechlin91@kickstarter.com	43
327	Charlena Rubega	Female    	1977-01-20	(105) 7184652	crubega92@newyorker.com	42
328	Pacorro Leynham	Male      	1990-04-24	(650) 3135881	pleynham93@ameblo.jp	45
329	Ian Blinkhorn	Male      	2006-10-11	(194) 3562405	iblinkhorn94@hao123.com	24
330	Payton Tock	Male      	1977-01-20	(968) 6324873	ptock95@alibaba.com	25
331	Candi Gianotti	Female    	1995-10-31	(469) 5118502	cgianotti96@macromedia.com	2
332	Deeyn Chalder	Female    	1990-06-04	(157) 3364767	dchalder97@loc.gov	2
333	Tatiana Kisby	Female    	2002-10-12	(418) 9404121	tkisby98@list-manage.com	5
334	Marj Jaqueminet	Female    	1985-09-16	(126) 4637503	mjaqueminet99@chicagotribune.com	21
335	Pammi Aldins	Female    	1987-07-27	(826) 2903731	paldins9a@auda.org.au	28
336	Roderich Maharry	Male      	1972-03-01	(146) 6482879	rmaharry9b@hp.com	27
337	Godiva Maud	Female    	1972-01-05	(412) 4588547	gmaud9c@360.cn	12
338	Wilburt Bigadike	Male      	1994-09-28	(526) 5545676	wbigadike9d@wufoo.com	47
339	Georgena Abrahmson	Female    	1987-06-06	(393) 7314003	gabrahmson9e@microsoft.com	19
340	Agnella Sporner	Female    	1982-11-26	(581) 8376672	asporner9f@cbslocal.com	37
341	Gabriele Raubenheimer	Male      	1997-11-28	(704) 3568832	graubenheimer9g@google.com.hk	10
342	Finn Vivien	Male      	1991-05-07	(989) 1085530	fvivien9h@dell.com	9
343	Jesse Thumnel	Male      	1974-07-20	(409) 7425740	jthumnel9i@aboutads.info	30
344	Orbadiah Rustedge	Male      	1999-01-14	(373) 4473819	orustedge9j@gmpg.org	5
345	Rodger Crocumbe	Male      	1999-01-25	(982) 8420834	rcrocumbe9k@blogspot.com	47
346	Ingram Balnaves	Male      	1988-02-16	(615) 9598493	ibalnaves9l@dmoz.org	15
347	Rosamond Levene	Female    	1982-09-16	(598) 6760412	rlevene9m@nps.gov	39
348	Becka Pochon	Female    	1993-03-11	(107) 5576161	bpochon9n@home.pl	19
349	Lyon Kausche	Male      	1995-09-25	(274) 6666423	lkausche9o@technorati.com	1
350	Robina Kynoch	Female    	1980-09-19	(915) 9394289	rkynoch9p@drupal.org	42
351	Mackenzie Jerrim	Male      	1992-06-27	(522) 4539289	mjerrim9q@weather.com	7
352	Erick Broadhead	Male      	1978-07-19	(564) 9573707	ebroadhead9r@mozilla.com	47
353	Ophelia McDonand	Female    	1988-03-03	(328) 3132978	omcdonand9s@ucla.edu	14
354	Roseann Hempel	Female    	2006-06-13	(176) 9735081	rhempel9t@ted.com	11
355	Bo Romeril	Male      	1978-07-30	(951) 6820445	bromeril9u@ocn.ne.jp	33
356	Dwight Anselmi	Male      	1989-11-23	(861) 4669387	danselmi9v@abc.net.au	14
357	Dmitri Hehir	Male      	1971-10-24	(201) 8511205	dhehir9w@purevolume.com	48
358	Mal Lynskey	Male      	1970-05-22	(657) 1086676	mlynskey9x@1und1.de	29
359	Lorrin MacIlory	Female    	2003-01-01	(373) 5202799	lmacilory9y@flickr.com	21
360	Burgess Mattek	Male      	1979-11-05	(265) 1028906	bmattek9z@altervista.org	23
361	Wendi Dorney	Female    	1979-09-30	(422) 7199648	wdorneya0@earthlink.net	25
362	Murray Gretton	Male      	1999-07-25	(321) 2939233	mgrettona1@qq.com	21
363	Shannan Powderham	Male      	1994-06-19	(920) 5556581	spowderhama2@ameblo.jp	15
364	Phylys Bigglestone	Female    	1974-12-01	(870) 4782839	pbigglestonea3@usgs.gov	1
365	Gus Sollas	Female    	1978-06-11	(933) 8297782	gsollasa4@nationalgeographic.com	46
366	Garret Laden	Male      	1980-07-02	(557) 1582846	gladena5@smugmug.com	22
367	Ara Hassen	Male      	1988-04-15	(555) 5960214	ahassena6@jugem.jp	45
368	Phyllida Nevins	Female    	1998-03-26	(303) 7672087	pnevinsa7@toplist.cz	8
369	Carroll Denisevich	Female    	1987-05-24	(741) 5056585	cdenisevicha8@exblog.jp	9
370	Edin Veldens	Female    	1991-08-01	(240) 6464491	eveldensa9@nifty.com	21
371	Eziechiele Jack	Male      	1979-07-02	(322) 2697812	ejackaa@1und1.de	15
372	Georg Dibsdale	Male      	1992-11-25	(594) 1122745	gdibsdaleab@quantcast.com	35
373	Norris Bowdon	Male      	2001-08-05	(434) 6687549	nbowdonac@wired.com	6
374	Sid Clarycott	Male      	1972-09-24	(552) 6672536	sclarycottad@mlb.com	42
375	Ermentrude Allsep	Female    	1994-01-23	(551) 6352544	eallsepae@digg.com	24
376	Penny Ninotti	Female    	1978-03-04	(294) 2219659	pninottiaf@chron.com	20
377	Benn Berntssen	Male      	2006-10-20	(494) 9777683	bberntssenag@chronoengine.com	41
378	Mabelle Austen	Female    	1971-01-16	(508) 8380014	maustenah@github.com	27
379	Kaitlynn Tudgay	Female    	1992-03-21	(365) 2849623	ktudgayai@youku.com	27
380	Graehme Lamberts	Male      	1979-05-25	(389) 8946462	glambertsaj@nba.com	4
381	Isaak Kerwood	Male      	1982-02-26	(522) 1293364	ikerwoodak@blog.com	17
382	Ferdinand Rowley	Male      	1975-03-23	(166) 3029149	frowleyal@livejournal.com	28
383	Nester Garwell	Male      	2005-05-29	(561) 9787852	ngarwellam@pagesperso-orange.fr	29
384	Derrick Garfirth	Male      	2000-08-06	(812) 9637226	dgarfirthan@friendfeed.com	27
385	Hetty Sotheby	Female    	1978-02-23	(350) 5197274	hsothebyao@hugedomains.com	21
386	Boony Simcoe	Male      	1974-01-06	(674) 1364008	bsimcoeap@webmd.com	39
387	Analise Giorgini	Female    	2001-10-01	(438) 5265166	agiorginiaq@cisco.com	20
388	Elka Gallagher	Female    	2005-11-22	(440) 1926939	egallagherar@biblegateway.com	34
389	Brandice Cowey	Female    	1993-07-15	(510) 5678436	bcoweyas@theglobeandmail.com	44
390	Carlina Sainz	Female    	1973-04-28	(256) 6797230	csainzat@youtu.be	40
391	Waverley Lukasen	Male      	1986-05-22	(716) 7712195	wlukasenau@omniture.com	35
392	Valentina Bruntje	Female    	1987-10-25	(810) 8649260	vbruntjeav@ted.com	31
393	Kippie Marshall	Male      	1986-11-03	(655) 7947309	kmarshallaw@flickr.com	48
394	Zed Margetts	Male      	1998-10-06	(381) 5177966	zmargettsax@chron.com	1
395	Wilburt Marchment	Male      	1978-05-30	(576) 4668466	wmarchmentay@paypal.com	36
396	Sibella Hinksen	Female    	1999-05-08	(774) 7086283	shinksenaz@i2i.jp	16
397	Harlan Knobell	Male      	1988-07-04	(535) 7648931	hknobellb0@marketwatch.com	29
398	Teodoor Coltherd	Male      	1999-07-03	(650) 6817935	tcoltherdb1@hexun.com	20
399	Laina Whittick	Female    	1984-01-17	(410) 4407259	lwhittickb2@home.pl	6
400	Cati Curro	Female    	1973-07-30	(669) 5282152	ccurrob3@feedburner.com	8
401	Jena Tollmache	Female    	1995-09-07	(805) 9245792	jtollmacheb4@cam.ac.uk	37
402	Margaret Gudge	Female    	1992-08-25	(824) 9034026	mgudgeb5@blog.com	28
403	Jessey Stendell	Male      	2002-03-22	(606) 7195121	jstendellb6@oakley.com	2
404	Roanne Ibotson	Female    	1974-08-14	(831) 2376251	ribotsonb7@wunderground.com	43
405	Larina Kindred	Female    	1985-06-23	(701) 5349110	lkindredb8@ftc.gov	8
406	Elfrida Poluzzi	Female    	1976-02-29	(922) 3703223	epoluzzib9@51.la	3
407	Chaddy Ilyinykh	Male      	1983-06-18	(650) 4411406	cilyinykhba@wordpress.org	46
408	Allard Cleal	Male      	2003-06-07	(422) 5360447	aclealbb@bing.com	35
409	Clareta Cabena	Female    	1974-08-11	(224) 7934686	ccabenabc@usgs.gov	42
410	Guglielma Bousfield	Female    	1987-03-08	(624) 8231706	gbousfieldbd@51.la	21
411	Johnathan Stother	Male      	1978-10-13	(884) 2195447	jstotherbe@patch.com	36
412	Moritz Copello	Male      	1986-11-28	(726) 1268270	mcopellobf@twitter.com	24
413	Mitch Darte	Male      	1991-10-07	(267) 3046210	mdartebg@list-manage.com	49
414	Brendin Rozenzweig	Male      	2000-07-20	(993) 4930720	brozenzweigbh@sina.com.cn	42
415	Henderson Feaver	Male      	1997-07-24	(492) 7406547	hfeaverbi@youtu.be	34
416	Cayla Kuschek	Female    	1981-01-04	(503) 5236546	ckuschekbj@squidoo.com	1
417	Gill Joe	Male      	1977-12-04	(741) 4973431	gjoebk@wunderground.com	10
418	Felicio Yellop	Male      	1989-03-24	(916) 9731823	fyellopbl@techcrunch.com	2
419	Patrizio Clarae	Male      	1973-09-18	(139) 7635833	pclaraebm@reddit.com	44
420	Delores Kemsley	Female    	1978-03-10	(894) 7920463	dkemsleybn@businesswire.com	43
421	Theresita Sheed	Female    	2006-11-07	(893) 1751568	tsheedbo@cocolog-nifty.com	13
422	Teodorico Kinson	Male      	1986-11-05	(397) 4308069	tkinsonbp@state.gov	40
423	Emanuele Dark	Male      	2005-06-08	(918) 7177825	edarkbq@admin.ch	38
424	Evelyn Eccleston	Female    	1977-10-13	(465) 1536161	eecclestonbr@stanford.edu	25
425	Pete Awty	Male      	1986-06-06	(500) 8964168	pawtybs@upenn.edu	35
426	Skippie Harmson	Male      	1986-08-28	(915) 2244744	sharmsonbt@vkontakte.ru	31
427	Peg Tappin	Female    	1972-04-02	(685) 1493451	ptappinbu@skype.com	13
428	Constantia Chappell	Female    	2006-03-16	(941) 8186946	cchappellbv@wsj.com	46
429	Mitchell Scuffham	Male      	1988-01-23	(942) 3008565	mscuffhambw@theguardian.com	27
430	Mervin Cheine	Male      	1987-01-04	(610) 9763759	mcheinebx@time.com	33
431	Emmet Ashforth	Male      	1972-07-12	(860) 2250738	eashforthby@xing.com	14
432	See Pischel	Male      	1976-06-25	(335) 7931314	spischelbz@imageshack.us	35
433	Glyn Savidge	Male      	1990-08-20	(740) 9529520	gsavidgec0@issuu.com	37
434	Hurley Linfoot	Male      	1985-06-14	(382) 9411385	hlinfootc1@utexas.edu	22
435	Hector Shales	Male      	2002-01-02	(530) 6242157	hshalesc2@msn.com	11
436	Koressa Andreucci	Female    	1994-04-28	(382) 3153739	kandreuccic3@dagondesign.com	2
437	Windy Riddel	Female    	1990-07-30	(567) 4270645	wriddelc4@pen.io	3
438	Cal Durham	Male      	2001-03-14	(413) 1411401	cdurhamc5@google.de	14
439	Gabby Sackler	Male      	1996-02-06	(990) 3451438	gsacklerc6@nasa.gov	24
440	Malynda Wasielewski	Female    	1987-11-23	(974) 7070289	mwasielewskic7@yellowbook.com	26
441	Ursulina Phipard-Shears	Female    	1982-10-23	(499) 7150096	uphipardshearsc8@typepad.com	15
442	Padriac Izakov	Male      	1988-08-31	(945) 4438752	pizakovc9@dailymotion.com	34
443	Cammy Swaffer	Female    	1977-05-08	(555) 4822091	cswafferca@wunderground.com	18
444	Dedie Reschke	Female    	1972-04-10	(709) 5798236	dreschkecb@imageshack.us	36
445	Zondra Bawdon	Female    	1984-12-04	(882) 8291234	zbawdoncc@tuttocitta.it	37
446	Gabie Bliven	Male      	2000-06-21	(730) 8332707	gblivencd@census.gov	40
447	Hercules Herreran	Male      	1980-06-21	(597) 2556445	hherrerance@businessinsider.com	7
448	Baudoin Oneil	Male      	1979-07-19	(467) 8940356	boneilcf@pagesperso-orange.fr	20
449	Livvyy Gallety	Female    	2003-08-13	(132) 9918647	lgalletycg@twitter.com	2
450	Wayne Mathwin	Male      	2001-10-09	(114) 2383181	wmathwinch@state.tx.us	27
451	Rea Soaper	Female    	1971-12-01	(804) 1709292	rsoaperci@microsoft.com	4
452	Anitra Antonin	Female    	1980-04-22	(243) 9625807	aantonincj@qq.com	21
453	Ceciley Ullett	Female    	2006-12-14	(159) 3099793	cullettck@list-manage.com	37
454	Helene Wisker	Female    	2005-12-09	(278) 2989773	hwiskercl@soundcloud.com	44
455	Kort Alwen	Male      	1985-06-11	(110) 8565809	kalwencm@google.nl	16
456	Eleonore Kislingbury	Female    	1971-04-17	(671) 8901535	ekislingburycn@vimeo.com	45
457	Clare Newbatt	Female    	1987-05-31	(818) 7572933	cnewbattco@virginia.edu	19
458	Tedra Pantlin	Female    	1979-01-23	(964) 4401040	tpantlincp@sogou.com	2
459	Mervin Spurdon	Male      	1986-05-13	(981) 4937538	mspurdoncq@patch.com	14
460	Grove Dodimead	Male      	1987-01-15	(808) 1339252	gdodimeadcr@cbsnews.com	7
461	Marnia Nelle	Female    	1991-06-08	(220) 7349136	mnellecs@sphinn.com	5
462	Garey Kebbell	Male      	1993-11-09	(595) 4062417	gkebbellct@dyndns.org	32
463	Udale Rustadge	Male      	1992-09-26	(910) 9016990	urustadgecu@sciencedaily.com	37
464	Liuka Ingles	Female    	2006-01-09	(958) 3804393	linglescv@infoseek.co.jp	18
465	Maxie Vennings	Male      	1976-02-22	(859) 8492992	mvenningscw@microsoft.com	36
466	Felic Brain	Male      	1993-10-01	(502) 4650997	fbraincx@accuweather.com	41
467	Rowney Fehner	Male      	1977-08-15	(242) 9986134	rfehnercy@multiply.com	20
468	Sterling Landsman	Male      	1978-10-01	(803) 2119002	slandsmancz@bloglines.com	39
469	Kati Cristofano	Female    	1980-01-13	(998) 5124881	kcristofanod0@seesaa.net	46
470	Papageno Jardin	Male      	1973-01-14	(169) 7531712	pjardind1@webeden.co.uk	21
471	Dannye Sandes	Female    	1985-12-25	(391) 9686538	dsandesd2@apache.org	8
472	Leonerd Dabes	Male      	1983-10-02	(477) 6531657	ldabesd3@weather.com	5
473	Theresita Tate	Female    	1994-10-26	(796) 5345255	ttated4@friendfeed.com	38
474	Dorey Silbersak	Male      	2001-04-02	(796) 3818363	dsilbersakd5@cafepress.com	12
475	Aylmar Conner	Male      	1983-01-29	(351) 8318917	aconnerd6@mail.ru	35
476	Chris McColl	Male      	1999-12-11	(446) 2652993	cmccolld7@washingtonpost.com	27
477	Valma Wildish	Female    	1980-08-20	(597) 1226441	vwildishd8@w3.org	42
478	Mufi Turtle	Female    	1989-10-10	(817) 2281243	mturtled9@cdbaby.com	29
479	Wileen Axup	Female    	2005-10-30	(440) 9232658	waxupda@wiley.com	8
480	Dena McKellar	Female    	1985-11-23	(817) 6220676	dmckellardb@posterous.com	47
481	Millard Hedde	Male      	2003-10-27	(256) 8662919	mheddedc@sun.com	11
482	Ewart Rabier	Male      	1994-10-29	(288) 6986998	erabierdd@imgur.com	17
483	Rafferty Bowcher	Male      	1988-05-16	(749) 6701686	rbowcherde@ezinearticles.com	26
484	Lu Milmore	Female    	1970-04-09	(944) 6894567	lmilmoredf@senate.gov	8
485	Cesaro Pouck	Male      	2002-04-13	(807) 8443745	cpouckdg@wp.com	20
486	Stafford Kinglake	Male      	1981-06-27	(754) 8719334	skinglakedh@yolasite.com	23
487	Bryan Scotfurth	Male      	2006-01-18	(914) 4740273	bscotfurthdi@sogou.com	4
488	Tremain Cluley	Male      	1992-08-06	(404) 1634205	tcluleydj@123-reg.co.uk	23
489	Dennison Scotfurth	Male      	1982-04-24	(437) 5818542	dscotfurthdk@cocolog-nifty.com	30
490	Cleveland Norcock	Male      	1976-11-25	(802) 1038240	cnorcockdl@ucsd.edu	4
491	Dennie Kerley	Female    	1993-09-23	(218) 5721230	dkerleydm@amazon.de	27
492	Arlie Timmens	Female    	1991-06-04	(428) 4463037	atimmensdn@shinystat.com	9
493	Westbrooke Sterry	Male      	1990-02-11	(780) 9063874	wsterrydo@hud.gov	27
494	Alexandros Cancellieri	Male      	1972-01-11	(295) 2832386	acancellieridp@zdnet.com	25
495	Josee Ivan	Female    	1972-03-10	(703) 1733045	jivandq@histats.com	48
496	Abbe Pawnsford	Female    	1980-07-10	(341) 9182188	apawnsforddr@whitehouse.gov	12
497	Mordy Demcik	Male      	2003-08-29	(904) 8844299	mdemcikds@oaic.gov.au	45
498	Tammie Bassindale	Male      	1996-03-25	(995) 1630663	tbassindaledt@wikispaces.com	2
499	Elmore Rainforth	Male      	1999-10-29	(360) 4685803	erainforthdu@tinypic.com	28
500	Locke Atkirk	Male      	1977-06-07	(608) 3355399	latkirkdv@webeden.co.uk	16
\.


--
-- Data for Name: driver; Type: TABLE DATA; Schema: public; Owner: postgres
--

COPY public.driver (driver_id, full_name, gender, birth_date, driver_phone, driving_license_no, vehicle_plate_no, vehicle_type, city_id) FROM stdin;
1	Corny Patching	Male      	1981-08-23	(546) 8146935	DL-721449	XTM011	Sedan SUV Van Truck Hatchback	7
2	Leslie Leyband	Female    	1985-11-04	(160) 6684866	DL-898770	JEJ360	Sedan SUV Van Truck Hatchback	4
3	Tera Inworth	Female    	1998-09-08	(635) 5659623	DL-161939	ENJ536	Sedan SUV Van Truck Hatchback	12
4	Nicki Charleston	Female    	1994-08-07	(365) 5536590	DL-964443	GDO453	Sedan SUV Van Truck Hatchback	43
5	Hersch Tumility	Male      	1997-03-10	(239) 9488365	DL-762841	JKN868	Sedan SUV Van Truck Hatchback	23
6	Willie Kirmond	Female    	1980-06-14	(560) 1727989	DL-542500	MMC375	Sedan SUV Van Truck Hatchback	10
7	Sheena Hugueville	Female    	1980-03-09	(274) 5913889	DL-376264	VAI148	Sedan SUV Van Truck Hatchback	33
8	Cassius Scarlan	Male      	1982-06-11	(631) 8239325	DL-064373	ONY251	Sedan SUV Van Truck Hatchback	27
9	Gino Baynton	Male      	1994-10-20	(570) 5832999	DL-253289	JKH851	Sedan SUV Van Truck Hatchback	36
10	Adriena Starten	Female    	1980-01-26	(181) 1466340	DL-776328	KWY230	Sedan SUV Van Truck Hatchback	24
11	Heriberto Rastall	Male      	1982-02-07	(789) 2257330	DL-580056	XLP711	Sedan SUV Van Truck Hatchback	16
12	Birk Beddie	Male      	1981-04-08	(946) 9305413	DL-811190	UZD389	Sedan SUV Van Truck Hatchback	47
13	Sheryl Kliment	Female    	1997-03-08	(287) 4994700	DL-516185	EQY941	Sedan SUV Van Truck Hatchback	32
14	Raimondo Lob	Male      	1995-11-16	(123) 4067659	DL-298357	KIY733	Sedan SUV Van Truck Hatchback	46
15	Loreen Acarson	Female    	2003-10-23	(524) 6995952	DL-446369	BCH737	Sedan SUV Van Truck Hatchback	8
16	Mahmoud Chiplin	Male      	2000-11-17	(832) 6648565	DL-761941	BAQ203	Sedan SUV Van Truck Hatchback	39
17	Etan Willard	Male      	1997-11-17	(315) 7720322	DL-214999	FRO517	Sedan SUV Van Truck Hatchback	12
18	Rolph Pearch	Male      	1995-04-08	(242) 5248341	DL-762956	JBB477	Sedan SUV Van Truck Hatchback	48
19	Hersh Smale	Male      	1990-02-14	(914) 3279890	DL-920554	LBB255	Sedan SUV Van Truck Hatchback	15
20	Glynda Keynd	Female    	1986-08-04	(142) 2707366	DL-284367	UWJ666	Sedan SUV Van Truck Hatchback	10
21	Cosimo Brocking	Male      	1991-11-13	(480) 9471343	DL-369724	FCZ124	Sedan SUV Van Truck Hatchback	10
22	Natale Jelf	Male      	2002-09-04	(238) 7062012	DL-928206	CAZ975	Sedan SUV Van Truck Hatchback	38
23	Kassi Jouanny	Female    	2002-07-13	(145) 1970410	DL-740256	TFU806	Sedan SUV Van Truck Hatchback	6
24	Phelia Gwinnell	Female    	1993-10-08	(296) 5679174	DL-287198	JGP789	Sedan SUV Van Truck Hatchback	26
25	Aldric Beavon	Male      	1981-10-08	(204) 8546314	DL-483124	RXC514	Sedan SUV Van Truck Hatchback	34
26	Rosana Swann	Female    	1982-06-12	(934) 9036694	DL-789550	YJL555	Sedan SUV Van Truck Hatchback	9
27	Willetta Ebourne	Female    	1981-11-20	(734) 8458959	DL-310917	VGM653	Sedan SUV Van Truck Hatchback	25
28	Teena Kaesmakers	Female    	1997-11-25	(754) 9739381	DL-149710	PDZ838	Sedan SUV Van Truck Hatchback	8
29	Gayle Dow	Female    	1990-10-30	(375) 1298526	DL-343851	RJW046	Sedan SUV Van Truck Hatchback	28
30	Krystyna Islep	Female    	1987-03-24	(750) 1469406	DL-920978	CKZ032	Sedan SUV Van Truck Hatchback	31
31	Beilul Southeran	Female    	1996-03-30	(586) 9131589	DL-854679	NNS338	Sedan SUV Van Truck Hatchback	10
32	Milissent Houdhury	Female    	1999-02-20	(948) 8091016	DL-000036	HFE089	Sedan SUV Van Truck Hatchback	14
33	Saxe Fateley	Male      	1996-06-20	(448) 2157025	DL-391142	OQU644	Sedan SUV Van Truck Hatchback	44
34	Adriena Morin	Female    	1989-04-11	(319) 5785074	DL-779264	LMN474	Sedan SUV Van Truck Hatchback	9
35	Theresita Titterell	Female    	1997-02-16	(619) 5788610	DL-761062	MKB066	Sedan SUV Van Truck Hatchback	45
36	Joyann Follen	Female    	1992-03-26	(742) 6328640	DL-634473	ZAW289	Sedan SUV Van Truck Hatchback	11
37	Doll Fone	Female    	2003-11-18	(962) 9680486	DL-067787	AWU398	Sedan SUV Van Truck Hatchback	35
38	Vassily De Michetti	Male      	1987-09-11	(646) 6876418	DL-902461	FER834	Sedan SUV Van Truck Hatchback	36
39	Flemming Fawthorpe	Male      	1995-01-14	(481) 6837701	DL-070134	RGO425	Sedan SUV Van Truck Hatchback	38
40	Amanda Corteney	Female    	1986-12-10	(771) 4325455	DL-040122	FEP157	Sedan SUV Van Truck Hatchback	3
41	Bobby Golthorpp	Male      	2003-01-25	(231) 9003426	DL-759324	JLP952	Sedan SUV Van Truck Hatchback	10
42	Jeannie Coutthart	Female    	1993-02-22	(576) 9793585	DL-060183	DUN860	Sedan SUV Van Truck Hatchback	1
43	Marty Alves	Male      	2001-10-15	(455) 2614548	DL-598542	TWQ169	Sedan SUV Van Truck Hatchback	7
44	Odette Daly	Female    	1986-10-10	(186) 7255115	DL-297663	ZPD878	Sedan SUV Van Truck Hatchback	8
45	Kent Junkison	Male      	1982-07-18	(221) 6326435	DL-491140	RTC286	Sedan SUV Van Truck Hatchback	23
46	Scottie Jasik	Male      	1980-07-24	(472) 7663337	DL-348877	LZC409	Sedan SUV Van Truck Hatchback	8
47	Tadd Clifton	Male      	1989-11-28	(224) 5425412	DL-142289	NUT349	Sedan SUV Van Truck Hatchback	39
48	Em Oventon	Male      	1991-07-28	(262) 5601311	DL-040872	BTB626	Sedan SUV Van Truck Hatchback	39
49	Evelina Cartmail	Female    	1995-02-07	(610) 3240946	DL-117784	XDY729	Sedan SUV Van Truck Hatchback	9
50	Amory Daintry	Male      	2003-11-07	(307) 7790242	DL-097108	YZC300	Sedan SUV Van Truck Hatchback	25
51	Sebastien Rooney	Male      	1996-05-03	(410) 1706221	DL-642117	QMW835	Sedan SUV Van Truck Hatchback	30
52	Marlo Labrum	Female    	1995-05-15	(807) 4611626	DL-479230	DIM621	Sedan SUV Van Truck Hatchback	48
53	Emmalee Gerrell	Female    	1995-10-03	(115) 4284615	DL-975114	ZSC448	Sedan SUV Van Truck Hatchback	23
54	Grier Stretton	Female    	2001-04-14	(573) 4407540	DL-971324	KNC156	Sedan SUV Van Truck Hatchback	9
55	Lilias Reville	Female    	1984-04-17	(906) 6696098	DL-791955	RVO283	Sedan SUV Van Truck Hatchback	11
56	Madonna Gaymer	Female    	1980-07-29	(338) 7322163	DL-735713	UYJ876	Sedan SUV Van Truck Hatchback	27
57	Ermentrude Ramey	Female    	1997-09-04	(708) 4676205	DL-609973	JOV174	Sedan SUV Van Truck Hatchback	24
58	Donnie Hellwig	Female    	1993-08-11	(801) 8751385	DL-287492	TPJ669	Sedan SUV Van Truck Hatchback	5
59	Candie Polland	Female    	1986-07-24	(147) 8792994	DL-671142	EBT463	Sedan SUV Van Truck Hatchback	6
60	Burt Ramey	Male      	2003-06-10	(805) 8385539	DL-145322	FBI359	Sedan SUV Van Truck Hatchback	37
61	Valerie de Villier	Female    	2000-06-16	(667) 1965237	DL-130423	RLO076	Sedan SUV Van Truck Hatchback	28
62	Sanson Sommers	Male      	1986-07-26	(209) 5886304	DL-282679	QMW258	Sedan SUV Van Truck Hatchback	13
63	Godfree Milverton	Male      	1996-08-31	(383) 7181519	DL-783836	YDX416	Sedan SUV Van Truck Hatchback	44
64	Jacquetta Swafford	Female    	1994-07-17	(794) 1596539	DL-229051	DFZ069	Sedan SUV Van Truck Hatchback	2
65	Tabbie Hedworth	Female    	1988-11-01	(114) 6748407	DL-043775	SZD522	Sedan SUV Van Truck Hatchback	2
66	Rees Ehrat	Male      	1994-02-28	(563) 7162705	DL-012483	TBY602	Sedan SUV Van Truck Hatchback	36
67	Prisca Pinilla	Female    	2003-07-17	(995) 9058585	DL-854129	WGK286	Sedan SUV Van Truck Hatchback	28
68	Shanie Kleimt	Female    	1993-05-08	(604) 7199519	DL-111652	TFI223	Sedan SUV Van Truck Hatchback	24
69	Kassie Varlow	Female    	1984-09-23	(714) 4417202	DL-400464	PQF777	Sedan SUV Van Truck Hatchback	49
70	Royce Tuxell	Male      	1982-02-19	(405) 2361996	DL-111358	WLG291	Sedan SUV Van Truck Hatchback	23
71	Horst Feasby	Male      	1998-07-03	(211) 7549066	DL-945790	NBR498	Sedan SUV Van Truck Hatchback	5
72	Thaine Haseley	Male      	1988-11-11	(648) 9803031	DL-933192	RIU396	Sedan SUV Van Truck Hatchback	20
73	Osmond Rittmeier	Male      	2000-01-25	(133) 6999301	DL-192615	CIK443	Sedan SUV Van Truck Hatchback	7
74	Kendell Alebrooke	Male      	1997-04-06	(655) 8440875	DL-696493	IEU925	Sedan SUV Van Truck Hatchback	33
75	Jerrie Petchell	Female    	1985-03-19	(272) 7763817	DL-948792	RJD222	Sedan SUV Van Truck Hatchback	10
76	Isabelita Beggs	Female    	1996-01-12	(105) 3596985	DL-603641	MXS968	Sedan SUV Van Truck Hatchback	28
77	Alden Martynov	Male      	1985-01-05	(173) 2188330	DL-531662	PFX192	Sedan SUV Van Truck Hatchback	19
78	Raimundo Matevosian	Male      	1983-03-25	(925) 3194064	DL-442397	NHK900	Sedan SUV Van Truck Hatchback	39
79	Eamon Juster	Male      	1985-10-18	(767) 6923942	DL-777847	NGJ248	Sedan SUV Van Truck Hatchback	6
80	Cody Jecks	Male      	1980-06-27	(435) 3139275	DL-578211	HDU900	Sedan SUV Van Truck Hatchback	4
81	Tasia Adolf	Female    	1996-06-15	(541) 6597164	DL-649849	EFN265	Sedan SUV Van Truck Hatchback	28
82	Abby Swift	Male      	1999-02-22	(262) 3528324	DL-443177	KHB936	Sedan SUV Van Truck Hatchback	15
83	Noby Waggatt	Male      	1997-01-04	(136) 9593443	DL-926084	VQI568	Sedan SUV Van Truck Hatchback	23
84	Valaria Thomton	Female    	2001-10-05	(300) 8429116	DL-942647	LMP523	Sedan SUV Van Truck Hatchback	11
85	Dani Casazza	Female    	1980-09-16	(595) 4182510	DL-886685	DHL316	Sedan SUV Van Truck Hatchback	18
86	Stephannie Kaemena	Female    	1999-02-17	(518) 9592999	DL-713555	RCX887	Sedan SUV Van Truck Hatchback	46
87	Gerardo Stenhouse	Male      	1983-12-11	(291) 3061675	DL-177710	BAB387	Sedan SUV Van Truck Hatchback	19
88	Celeste Tyler	Female    	1986-06-07	(842) 1722855	DL-299501	EWY258	Sedan SUV Van Truck Hatchback	49
89	Kiley Hicklingbottom	Male      	2003-03-31	(274) 1598651	DL-732810	VTA493	Sedan SUV Van Truck Hatchback	40
90	Ollie Vaulkhard	Male      	1984-03-26	(926) 9674708	DL-498948	EUD934	Sedan SUV Van Truck Hatchback	34
91	Georgeanna Cheves	Female    	1998-08-20	(310) 3029529	DL-870236	OYJ864	Sedan SUV Van Truck Hatchback	44
92	Sheree Creavan	Female    	1982-04-15	(118) 5577414	DL-036531	SPX685	Sedan SUV Van Truck Hatchback	42
93	Jeanie Statham	Female    	2002-07-06	(587) 3766829	DL-603569	UGM634	Sedan SUV Van Truck Hatchback	21
94	Courtnay Capaldi	Male      	1987-03-08	(464) 9053807	DL-569879	EWK803	Sedan SUV Van Truck Hatchback	49
95	Jeddy Webb-Bowen	Male      	2003-01-29	(505) 7003304	DL-618710	XSV242	Sedan SUV Van Truck Hatchback	35
96	Melisande Eschalette	Female    	2002-01-28	(842) 8704194	DL-759244	QYH906	Sedan SUV Van Truck Hatchback	30
97	Ketty Schuh	Female    	1984-06-25	(688) 9951840	DL-702984	UPV730	Sedan SUV Van Truck Hatchback	48
98	Isa Sacker	Male      	1989-01-24	(338) 2788254	DL-441271	AWQ473	Sedan SUV Van Truck Hatchback	39
99	Karola Martineau	Female    	1984-02-11	(985) 7047945	DL-260388	MVC367	Sedan SUV Van Truck Hatchback	22
100	Tobe Minter	Female    	1987-12-17	(413) 8286589	DL-477391	HCL850	Sedan SUV Van Truck Hatchback	16
101	Rory Huortic	Male      	1997-06-19	(866) 8378958	DL-525047	LME421	Sedan SUV Van Truck Hatchback	43
102	Winny Heatley	Female    	1991-02-04	(296) 1211780	DL-815595	NMK997	Sedan SUV Van Truck Hatchback	28
103	Minne Bulled	Female    	2001-08-31	(296) 5859784	DL-894407	XMU280	Sedan SUV Van Truck Hatchback	12
104	Joelie Borg	Female    	2003-11-11	(782) 6074363	DL-494098	WGB683	Sedan SUV Van Truck Hatchback	41
105	Guillemette Pereira	Female    	2003-06-04	(287) 3052167	DL-188382	BDZ292	Sedan SUV Van Truck Hatchback	19
106	Christy Welburn	Male      	2001-08-06	(834) 9065219	DL-205184	HNB627	Sedan SUV Van Truck Hatchback	30
107	Davina Bester	Female    	1981-10-28	(347) 2329185	DL-403978	SRD619	Sedan SUV Van Truck Hatchback	48
108	Eddi Templman	Female    	1998-05-01	(843) 1510208	DL-326201	ATY834	Sedan SUV Van Truck Hatchback	12
109	Rodney Oxton	Male      	1988-06-21	(385) 6511305	DL-218912	NHY647	Sedan SUV Van Truck Hatchback	24
110	Pris Locard	Female    	1989-09-11	(816) 9521810	DL-726126	VCA492	Sedan SUV Van Truck Hatchback	19
111	Early Lawlie	Male      	1999-03-18	(727) 4924849	DL-174034	NPQ678	Sedan SUV Van Truck Hatchback	46
112	Ingar McKomb	Male      	1994-10-12	(243) 4443378	DL-323701	LOY372	Sedan SUV Van Truck Hatchback	16
113	Jerrylee Emby	Female    	1990-09-02	(950) 2621875	DL-179846	TSE481	Sedan SUV Van Truck Hatchback	23
114	Darline Seckington	Female    	2000-07-18	(795) 2924728	DL-057985	SFE376	Sedan SUV Van Truck Hatchback	16
115	Layton Lisciardelli	Male      	1980-07-01	(146) 8343184	DL-854997	RPY591	Sedan SUV Van Truck Hatchback	6
116	Ollie Kupke	Male      	1997-04-26	(742) 4389309	DL-135644	YMX179	Sedan SUV Van Truck Hatchback	33
117	Grady Cottier	Male      	1980-04-01	(178) 8053603	DL-370181	IOZ151	Sedan SUV Van Truck Hatchback	42
118	Angus MacRinn	Male      	1983-09-20	(539) 8687397	DL-192997	DSU860	Sedan SUV Van Truck Hatchback	13
119	Joanna Battell	Female    	1983-10-20	(920) 7340702	DL-923832	IBM697	Sedan SUV Van Truck Hatchback	4
120	Ardelia Shilstone	Female    	1995-11-17	(553) 9703665	DL-559309	MAT574	Sedan SUV Van Truck Hatchback	6
121	Barris Trays	Male      	1994-03-07	(773) 4105280	DL-600228	SBF067	Sedan SUV Van Truck Hatchback	15
122	Felicity Grattan	Female    	1988-06-07	(100) 1683023	DL-065299	ERW446	Sedan SUV Van Truck Hatchback	48
123	Ludwig Guirard	Male      	1983-03-15	(719) 9678941	DL-413365	JQG757	Sedan SUV Van Truck Hatchback	29
124	Junina Wherrit	Female    	1989-04-06	(617) 2276153	DL-538229	IIA570	Sedan SUV Van Truck Hatchback	31
125	Weider Parmeter	Male      	1987-06-08	(271) 1384595	DL-588308	HXZ914	Sedan SUV Van Truck Hatchback	2
126	Catarina Dorward	Female    	1983-09-18	(921) 9962485	DL-373275	CEJ026	Sedan SUV Van Truck Hatchback	23
127	Mada Weinham	Female    	1994-09-25	(838) 9076099	DL-370976	FAC095	Sedan SUV Van Truck Hatchback	32
128	Lorrayne Ebden	Female    	1989-02-03	(618) 8557732	DL-619830	RSN200	Sedan SUV Van Truck Hatchback	36
129	Noellyn Shotboulte	Female    	1995-01-11	(711) 2209408	DL-938768	SNG244	Sedan SUV Van Truck Hatchback	37
130	Sim Templeton	Male      	1980-01-21	(263) 1574049	DL-957645	YZD352	Sedan SUV Van Truck Hatchback	7
131	Claudetta Schimek	Female    	1989-09-07	(914) 8756187	DL-344667	ZTA922	Sedan SUV Van Truck Hatchback	34
132	Florette Attwoull	Female    	1980-09-18	(545) 8008123	DL-485930	HDK281	Sedan SUV Van Truck Hatchback	30
133	Ashbey Horsley	Male      	1984-03-28	(563) 9697873	DL-192844	GFT888	Sedan SUV Van Truck Hatchback	39
134	Allie Pye	Female    	2003-05-13	(402) 3407544	DL-069359	XIM428	Sedan SUV Van Truck Hatchback	43
135	Bonnie Durnan	Female    	2002-10-15	(695) 9878853	DL-622135	NOP195	Sedan SUV Van Truck Hatchback	33
136	Kane Halegarth	Male      	2002-01-17	(307) 4486487	DL-225785	CPV993	Sedan SUV Van Truck Hatchback	16
137	Kevina Masham	Female    	1985-06-27	(973) 8244094	DL-074641	RHK653	Sedan SUV Van Truck Hatchback	13
138	Geralda Romney	Female    	2002-02-09	(868) 1589810	DL-583943	ALF359	Sedan SUV Van Truck Hatchback	40
139	Guilbert Peabody	Male      	1991-05-22	(570) 5397130	DL-631410	SKQ649	Sedan SUV Van Truck Hatchback	6
140	Elbertine Casarino	Female    	1999-10-27	(621) 3259901	DL-881223	EGZ436	Sedan SUV Van Truck Hatchback	39
141	Tremaine McGeagh	Male      	1991-10-02	(414) 2909053	DL-049824	AEK208	Sedan SUV Van Truck Hatchback	10
142	Mylo O'Loughane	Male      	1996-03-12	(291) 9284929	DL-944151	KRR747	Sedan SUV Van Truck Hatchback	46
143	Cordi Ondra	Female    	1989-09-16	(305) 8657400	DL-173186	XXL920	Sedan SUV Van Truck Hatchback	5
144	Sheppard Trusslove	Male      	1998-08-13	(272) 3295852	DL-131495	NTK619	Sedan SUV Van Truck Hatchback	14
145	Christoffer Carlo	Male      	1987-11-27	(125) 6283033	DL-336707	LNB677	Sedan SUV Van Truck Hatchback	9
146	Errick De Gogay	Male      	1990-10-05	(284) 4312520	DL-310767	KMF600	Sedan SUV Van Truck Hatchback	10
147	Shelton MacClinton	Male      	1993-06-30	(455) 8776367	DL-717616	KYI349	Sedan SUV Van Truck Hatchback	13
148	Bobinette Grigorescu	Female    	1981-06-16	(414) 9194004	DL-821700	KRT233	Sedan SUV Van Truck Hatchback	9
149	Kitti Livick	Female    	2002-08-27	(801) 1283105	DL-919817	KJR335	Sedan SUV Van Truck Hatchback	48
150	Dionis Elloway	Female    	1995-08-06	(234) 2127842	DL-184609	WHV030	Sedan SUV Van Truck Hatchback	34
151	Goldina Taylo	Female    	1983-08-22	(793) 7488621	DL-839506	JJZ486	Sedan SUV Van Truck Hatchback	3
152	Elnora Topham	Female    	1980-03-27	(274) 9840803	DL-507657	XAZ314	Sedan SUV Van Truck Hatchback	49
153	Jonas Lippett	Male      	1994-03-25	(861) 2107708	DL-704022	THP816	Sedan SUV Van Truck Hatchback	24
154	Simonette Maypother	Female    	1994-11-20	(464) 5036229	DL-344446	QYJ903	Sedan SUV Van Truck Hatchback	4
155	Penni Delhay	Female    	2003-10-18	(470) 5974793	DL-460042	IHQ916	Sedan SUV Van Truck Hatchback	19
156	Foss Massingberd	Male      	1996-08-06	(220) 2559713	DL-980455	ZHG621	Sedan SUV Van Truck Hatchback	5
157	Ivory Pynner	Female    	1991-02-22	(560) 5121307	DL-132011	FNL249	Sedan SUV Van Truck Hatchback	49
158	Jacqueline Child	Female    	1983-01-21	(130) 9341462	DL-680802	LTS775	Sedan SUV Van Truck Hatchback	25
159	Moore Simons	Male      	1999-06-19	(162) 8705019	DL-524002	CLF316	Sedan SUV Van Truck Hatchback	29
160	Stanford Sandcroft	Male      	1985-08-21	(146) 5892419	DL-642940	RUN231	Sedan SUV Van Truck Hatchback	29
161	Ronnica Meryett	Female    	1994-10-30	(972) 1808052	DL-816206	ZDU549	Sedan SUV Van Truck Hatchback	47
162	Theresita Harwood	Female    	1991-01-26	(910) 8594318	DL-672431	JZK339	Sedan SUV Van Truck Hatchback	42
163	Leroy Crawforth	Male      	1992-04-23	(206) 8008608	DL-506131	VZC902	Sedan SUV Van Truck Hatchback	29
164	Libbi Godson	Female    	1980-09-07	(885) 7792268	DL-529309	DPE595	Sedan SUV Van Truck Hatchback	43
165	Cati Burnham	Female    	1988-02-23	(643) 7917445	DL-968343	OUV161	Sedan SUV Van Truck Hatchback	26
166	Phylis Marshalleck	Female    	1983-01-08	(427) 7235952	DL-297563	JRA634	Sedan SUV Van Truck Hatchback	44
167	Morganica Gawke	Female    	1987-09-05	(927) 6788988	DL-367874	JIU184	Sedan SUV Van Truck Hatchback	2
168	Brody Peatman	Male      	1981-12-05	(261) 3404177	DL-210108	BBG128	Sedan SUV Van Truck Hatchback	8
169	Bonny Skeat	Female    	1984-10-21	(217) 8294316	DL-392323	URJ528	Sedan SUV Van Truck Hatchback	25
170	Mitchell Settle	Male      	1980-06-15	(837) 1600513	DL-313124	QKO618	Sedan SUV Van Truck Hatchback	18
171	Ingunna Plews	Female    	1984-06-13	(333) 3549854	DL-828256	QTC601	Sedan SUV Van Truck Hatchback	22
172	Christiana Gorey	Female    	1982-04-15	(117) 5928325	DL-525832	OYP242	Sedan SUV Van Truck Hatchback	17
173	Nada Radband	Female    	1994-12-22	(392) 2094691	DL-479396	IOE820	Sedan SUV Van Truck Hatchback	38
174	Carilyn Wythe	Female    	1993-07-22	(769) 8151256	DL-034315	HNQ278	Sedan SUV Van Truck Hatchback	9
175	Gaelan Edney	Male      	1983-06-04	(434) 4352480	DL-140645	KCB176	Sedan SUV Van Truck Hatchback	35
176	Torrance Levet	Male      	1984-11-26	(337) 6409082	DL-440425	DAO550	Sedan SUV Van Truck Hatchback	32
177	Giselle Whye	Female    	1999-06-18	(407) 2116246	DL-948485	DOI443	Sedan SUV Van Truck Hatchback	4
178	Francesca Iltchev	Female    	1990-01-27	(419) 6846256	DL-480934	HYR240	Sedan SUV Van Truck Hatchback	32
179	Daniella Tilliard	Female    	2001-05-26	(234) 6730971	DL-994498	GYK477	Sedan SUV Van Truck Hatchback	16
180	Christiane Goymer	Female    	1999-08-11	(977) 4517813	DL-043683	ABV195	Sedan SUV Van Truck Hatchback	40
181	Marya Raspin	Female    	2003-01-23	(436) 4968754	DL-860088	XQW940	Sedan SUV Van Truck Hatchback	19
182	Loraine Bryan	Female    	1986-08-21	(190) 8186223	DL-505056	BNR395	Sedan SUV Van Truck Hatchback	18
183	Mike Calverd	Male      	1985-07-10	(500) 3867262	DL-988842	JHF948	Sedan SUV Van Truck Hatchback	38
184	Venus Quipp	Female    	1980-06-06	(290) 9117678	DL-445777	FWW388	Sedan SUV Van Truck Hatchback	10
185	Sol Nevins	Male      	1991-01-27	(205) 5172139	DL-872552	BZW221	Sedan SUV Van Truck Hatchback	18
186	Lizzie Falkner	Female    	2002-07-15	(237) 1381683	DL-981331	TNX941	Sedan SUV Van Truck Hatchback	10
187	Barrett Joscelyn	Male      	1997-01-21	(671) 2855114	DL-811485	SEP697	Sedan SUV Van Truck Hatchback	46
188	Kerrill Benediktsson	Female    	1996-08-08	(544) 5756885	DL-359376	WII293	Sedan SUV Van Truck Hatchback	37
189	Tudor Bloys	Male      	2001-04-14	(117) 8530609	DL-013218	CBO141	Sedan SUV Van Truck Hatchback	15
190	Maegan Stapells	Female    	1988-09-14	(378) 6533752	DL-038388	GXS765	Sedan SUV Van Truck Hatchback	4
191	Asher O'Neal	Male      	2003-06-27	(206) 9657269	DL-435635	NNJ913	Sedan SUV Van Truck Hatchback	12
192	Aurie Myhan	Female    	1985-04-10	(221) 1957085	DL-985750	GSY700	Sedan SUV Van Truck Hatchback	43
193	Wit Ingolotti	Male      	1981-09-04	(735) 8285372	DL-745644	KBU659	Sedan SUV Van Truck Hatchback	35
194	Christyna Tankin	Female    	2002-03-01	(546) 5117812	DL-976767	QLO486	Sedan SUV Van Truck Hatchback	20
195	Thorin Neylon	Male      	1995-07-22	(466) 4571686	DL-871915	MMG974	Sedan SUV Van Truck Hatchback	42
196	Kirby Lear	Male      	1993-03-16	(975) 2345871	DL-382671	EHJ494	Sedan SUV Van Truck Hatchback	42
197	Tab Senecaux	Male      	1983-02-23	(125) 5928262	DL-347086	QTN723	Sedan SUV Van Truck Hatchback	30
198	Alva Gwyther	Male      	1997-04-30	(933) 3701286	DL-885507	OMH960	Sedan SUV Van Truck Hatchback	20
199	Salmon Haskett	Male      	1980-07-15	(750) 5820485	DL-143891	DXS050	Sedan SUV Van Truck Hatchback	12
200	Corissa Lyptrade	Female    	1997-06-13	(173) 6234027	DL-865926	RRQ291	Sedan SUV Van Truck Hatchback	6
201	Kelci Lorden	Female    	1982-07-18	(874) 1059563	DL-044382	MMI148	Sedan SUV Van Truck Hatchback	29
202	Phelia Beumant	Female    	1992-07-25	(680) 7660300	DL-906615	NHF849	Sedan SUV Van Truck Hatchback	10
203	Arlyn Kenforth	Female    	1983-03-12	(602) 3852293	DL-307644	DJT904	Sedan SUV Van Truck Hatchback	18
204	Page Marquet	Female    	2001-08-15	(278) 1414505	DL-749512	EYC708	Sedan SUV Van Truck Hatchback	15
205	Inge Richings	Female    	1999-10-13	(529) 5209012	DL-294727	JMC443	Sedan SUV Van Truck Hatchback	40
206	Mariana de Leon	Female    	1996-11-13	(953) 8636731	DL-280052	OKN070	Sedan SUV Van Truck Hatchback	27
207	Brock Charrier	Male      	2001-07-30	(195) 1250709	DL-692969	IIY073	Sedan SUV Van Truck Hatchback	20
208	Lewes Morl	Male      	2000-08-05	(845) 6374532	DL-686852	AHA995	Sedan SUV Van Truck Hatchback	39
209	Stormie Vaughan-Hughes	Female    	1989-04-07	(980) 7106651	DL-201771	JNN453	Sedan SUV Van Truck Hatchback	8
210	Bliss Ghelardi	Female    	1995-05-21	(549) 9078269	DL-294591	FFU740	Sedan SUV Van Truck Hatchback	29
211	Reggie Rabson	Female    	1994-10-30	(927) 2871836	DL-097400	LSZ001	Sedan SUV Van Truck Hatchback	34
212	Tuckie Kunc	Male      	1997-06-19	(684) 2147053	DL-494119	XCK323	Sedan SUV Van Truck Hatchback	47
213	Aldon Petracek	Male      	1992-02-13	(705) 9901867	DL-904058	UUE295	Sedan SUV Van Truck Hatchback	26
214	Linus Szabo	Male      	2002-05-06	(768) 2572517	DL-556479	KPD504	Sedan SUV Van Truck Hatchback	30
215	Athena Esby	Female    	2001-10-12	(785) 5194216	DL-108273	FRL554	Sedan SUV Van Truck Hatchback	27
216	Tobias Ostick	Male      	1983-03-21	(768) 3413795	DL-284476	KQW724	Sedan SUV Van Truck Hatchback	29
217	Sharron Ledger	Female    	1997-09-14	(484) 9933226	DL-833441	JJV193	Sedan SUV Van Truck Hatchback	41
218	Herb Naden	Male      	1987-07-07	(217) 2589265	DL-898198	CWN979	Sedan SUV Van Truck Hatchback	14
219	Heinrik Sagrott	Male      	1996-02-05	(969) 9993081	DL-550629	SDZ423	Sedan SUV Van Truck Hatchback	46
220	Drugi Goffe	Male      	2003-09-12	(572) 7052526	DL-821661	SYG569	Sedan SUV Van Truck Hatchback	22
221	Tildie McLay	Female    	1995-05-19	(665) 4853429	DL-868819	NPI255	Sedan SUV Van Truck Hatchback	20
222	Tanney Stanyard	Male      	2000-02-20	(344) 2880764	DL-390816	JIH468	Sedan SUV Van Truck Hatchback	21
223	Douglass Linford	Male      	1980-05-16	(839) 8278622	DL-786568	LZI144	Sedan SUV Van Truck Hatchback	6
224	Trudi Gherardini	Female    	1987-12-06	(839) 6644778	DL-724168	BIG009	Sedan SUV Van Truck Hatchback	10
225	Rozina Clowser	Female    	1999-09-13	(246) 8511857	DL-927483	FIP044	Sedan SUV Van Truck Hatchback	23
226	Cristal Caught	Female    	1995-04-08	(371) 7812501	DL-078082	IGN161	Sedan SUV Van Truck Hatchback	3
227	Davidson Boig	Male      	1994-06-09	(594) 7455403	DL-140569	ERB476	Sedan SUV Van Truck Hatchback	18
228	Andreas Warr	Male      	1991-02-27	(283) 7228183	DL-576135	MIL051	Sedan SUV Van Truck Hatchback	8
229	Casper Conlaund	Male      	1980-10-29	(168) 1245364	DL-522931	CFH111	Sedan SUV Van Truck Hatchback	15
230	Anestassia McCudden	Female    	1991-09-02	(448) 8318041	DL-480295	QQE019	Sedan SUV Van Truck Hatchback	18
231	Drusilla Pactat	Female    	1991-04-27	(505) 5932717	DL-621766	MSV379	Sedan SUV Van Truck Hatchback	30
232	Lyell Matches	Male      	1992-06-07	(616) 4897074	DL-611621	IQU566	Sedan SUV Van Truck Hatchback	45
233	Kizzee Cerie	Female    	1991-03-29	(459) 9230658	DL-501914	PLN367	Sedan SUV Van Truck Hatchback	20
234	Hildegarde Ianittello	Female    	2000-07-18	(935) 9599505	DL-136117	XKC787	Sedan SUV Van Truck Hatchback	33
235	Mitchael Jindrak	Male      	1986-06-22	(885) 8369056	DL-502223	JOD902	Sedan SUV Van Truck Hatchback	14
236	Humfrid Darkott	Male      	1983-05-07	(208) 7608515	DL-120240	SZA456	Sedan SUV Van Truck Hatchback	33
237	Hynda Fernandez	Female    	1995-07-25	(585) 2175480	DL-533004	NZI074	Sedan SUV Van Truck Hatchback	11
238	Annamaria Lant	Female    	1992-12-10	(712) 1597187	DL-084303	UMJ940	Sedan SUV Van Truck Hatchback	4
239	Eula Tubb	Female    	1989-04-01	(311) 8414736	DL-579347	TVH710	Sedan SUV Van Truck Hatchback	17
240	Stephen De Laspee	Male      	1994-08-14	(592) 6729061	DL-099028	EGE878	Sedan SUV Van Truck Hatchback	43
241	Gerda Fontanet	Female    	1986-11-27	(835) 4010076	DL-188694	VVF683	Sedan SUV Van Truck Hatchback	5
242	Sandy Vasyukov	Male      	1997-05-18	(633) 7455763	DL-072372	MUJ268	Sedan SUV Van Truck Hatchback	17
243	Hew Kither	Male      	1986-01-03	(520) 1732720	DL-200969	EYK753	Sedan SUV Van Truck Hatchback	26
244	Falkner Heinert	Male      	2003-07-15	(704) 7144919	DL-354977	ZHG896	Sedan SUV Van Truck Hatchback	30
245	Wake Onians	Male      	2002-03-31	(225) 7384273	DL-620887	ZID361	Sedan SUV Van Truck Hatchback	48
246	Obidiah Harefoot	Male      	1982-04-19	(633) 5969275	DL-035099	FRA667	Sedan SUV Van Truck Hatchback	31
247	Rodie Sparsholt	Female    	1997-09-18	(390) 4884285	DL-663338	YIN215	Sedan SUV Van Truck Hatchback	44
248	Putnem Serotsky	Male      	1995-12-24	(804) 8232611	DL-984924	FQU945	Sedan SUV Van Truck Hatchback	47
249	Pepillo Midner	Male      	1982-03-07	(277) 1089546	DL-464244	ZLD723	Sedan SUV Van Truck Hatchback	30
250	Nerta Rosini	Female    	1984-08-30	(792) 1427366	DL-568918	FJL076	Sedan SUV Van Truck Hatchback	7
251	Marcus Auchterlony	Male      	1987-04-30	(803) 8033011	DL-012273	JXN186	Sedan SUV Van Truck Hatchback	13
252	Alano Tarrant	Male      	1984-09-14	(141) 9307805	DL-706989	OMM327	Sedan SUV Van Truck Hatchback	18
253	Roderigo Greville	Male      	1997-08-05	(150) 4861624	DL-392260	HDW760	Sedan SUV Van Truck Hatchback	38
254	Vanya Blincowe	Male      	1994-04-23	(990) 5417629	DL-207761	NDD204	Sedan SUV Van Truck Hatchback	1
255	Alaric Swanston	Male      	1981-05-21	(760) 1252551	DL-503225	YSL502	Sedan SUV Van Truck Hatchback	27
256	Kitty Klewi	Female    	1996-01-03	(464) 2308429	DL-143587	MQB187	Sedan SUV Van Truck Hatchback	49
257	Fredek Pottes	Male      	1997-06-21	(159) 1260701	DL-378769	DCT403	Sedan SUV Van Truck Hatchback	40
258	Tim Grelka	Female    	1992-11-05	(462) 3269707	DL-072880	ZTB876	Sedan SUV Van Truck Hatchback	27
259	Kahlil Grice	Male      	1990-03-27	(378) 3863642	DL-419926	DCW752	Sedan SUV Van Truck Hatchback	4
260	Arley Vowells	Male      	1998-01-26	(816) 6409712	DL-698799	XHN120	Sedan SUV Van Truck Hatchback	7
261	Kylie Strong	Male      	1993-04-04	(325) 9589399	DL-916013	CVW411	Sedan SUV Van Truck Hatchback	12
262	Rafaela Striker	Female    	1991-07-04	(698) 3605626	DL-112673	IPC418	Sedan SUV Van Truck Hatchback	45
263	Winn McPhillimey	Male      	1988-01-04	(581) 7769684	DL-025588	EQM190	Sedan SUV Van Truck Hatchback	7
264	Brade Surgood	Male      	1985-10-21	(745) 1448907	DL-194347	DKH899	Sedan SUV Van Truck Hatchback	38
265	Jeremiah Stringer	Male      	2002-07-22	(864) 2138892	DL-015292	BKD726	Sedan SUV Van Truck Hatchback	14
266	Lesya Catherick	Female    	1996-02-08	(627) 7472765	DL-942257	SKM339	Sedan SUV Van Truck Hatchback	48
267	Adelle Girhard	Female    	1981-11-14	(285) 6404345	DL-998964	DND669	Sedan SUV Van Truck Hatchback	13
268	Geralda Jenicek	Female    	1988-04-27	(854) 5040526	DL-906542	GDA270	Sedan SUV Van Truck Hatchback	49
269	Perle Beldon	Female    	2003-08-15	(304) 4953395	DL-866088	JEC541	Sedan SUV Van Truck Hatchback	40
270	Aloysia Treske	Female    	1994-07-23	(154) 8805647	DL-951154	CUX332	Sedan SUV Van Truck Hatchback	25
271	Dael Sapauton	Female    	1995-10-27	(269) 8117243	DL-686033	HVT115	Sedan SUV Van Truck Hatchback	47
272	Mickie Leggat	Female    	1982-05-03	(518) 8467266	DL-920379	ZBT843	Sedan SUV Van Truck Hatchback	44
273	Emelen Giorgeschi	Male      	1997-11-18	(463) 1858014	DL-656786	XPH964	Sedan SUV Van Truck Hatchback	10
274	Juan Trubshawe	Male      	1999-06-25	(102) 4302360	DL-677932	UEP711	Sedan SUV Van Truck Hatchback	11
275	Giordano Alonso	Male      	1994-03-16	(603) 6832766	DL-731064	ISF062	Sedan SUV Van Truck Hatchback	23
276	Mauricio Cruikshanks	Male      	1995-11-26	(590) 7778246	DL-981553	VOH726	Sedan SUV Van Truck Hatchback	3
277	Prudence Pearson	Female    	1983-03-22	(969) 6381035	DL-869396	WIE375	Sedan SUV Van Truck Hatchback	39
278	Theresa Rapper	Female    	2003-04-23	(679) 3584658	DL-249503	PQH694	Sedan SUV Van Truck Hatchback	21
279	Roze Wishkar	Female    	1981-09-14	(688) 6972366	DL-595644	WCQ628	Sedan SUV Van Truck Hatchback	19
280	Marietta Tunnicliffe	Male      	1982-02-03	(554) 2945674	DL-745127	XHX442	Sedan SUV Van Truck Hatchback	1
281	Pietro Mollison	Male      	2001-08-12	(599) 6614258	DL-035834	XSF173	Sedan SUV Van Truck Hatchback	27
282	Vassili Spurrett	Male      	1986-11-19	(800) 9765587	DL-717983	YQB610	Sedan SUV Van Truck Hatchback	6
283	Towney Speek	Male      	2003-08-05	(381) 5007406	DL-728998	EGI877	Sedan SUV Van Truck Hatchback	27
284	Jerrilyn Blenkensop	Female    	2003-04-25	(105) 5735635	DL-771832	ZDJ445	Sedan SUV Van Truck Hatchback	16
285	Tracy Grzegorek	Female    	1988-10-08	(382) 6464336	DL-926523	PHW319	Sedan SUV Van Truck Hatchback	33
286	Emelda Follis	Female    	1984-07-06	(218) 1669599	DL-072422	EMR903	Sedan SUV Van Truck Hatchback	41
287	Dina Lambotin	Female    	1987-06-05	(370) 6724603	DL-337372	PIH316	Sedan SUV Van Truck Hatchback	25
288	Marius Amiable	Male      	1980-01-30	(145) 7889665	DL-784640	DQB177	Sedan SUV Van Truck Hatchback	32
289	Florencia Adanez	Female    	2000-05-11	(828) 6603257	DL-025727	SOO275	Sedan SUV Van Truck Hatchback	34
290	Dur O'Lunny	Male      	1996-05-12	(995) 7982861	DL-663582	UTG251	Sedan SUV Van Truck Hatchback	2
291	Josie Done	Female    	1982-12-24	(437) 8173787	DL-564504	MAA070	Sedan SUV Van Truck Hatchback	15
292	Manda Janew	Female    	1987-04-23	(340) 5718612	DL-951368	MEU960	Sedan SUV Van Truck Hatchback	12
293	Cassandre Lohden	Female    	1996-07-24	(962) 2091059	DL-353299	AIZ321	Sedan SUV Van Truck Hatchback	4
294	Margaux Kimberly	Female    	1999-12-09	(500) 6307288	DL-746180	MGS467	Sedan SUV Van Truck Hatchback	9
295	Reggis Hartfield	Male      	1989-04-01	(722) 5661095	DL-884148	RUB276	Sedan SUV Van Truck Hatchback	34
296	Drucill Alvarado	Female    	1992-12-25	(456) 8124025	DL-656943	BHJ835	Sedan SUV Van Truck Hatchback	29
297	Zorina Kuscha	Female    	1990-07-04	(687) 5063859	DL-865976	MFI645	Sedan SUV Van Truck Hatchback	32
298	Jude Dran	Male      	1981-11-03	(397) 6685237	DL-608365	UZP083	Sedan SUV Van Truck Hatchback	31
299	Pearla Mellers	Female    	1988-03-25	(335) 2389920	DL-197254	VAK805	Sedan SUV Van Truck Hatchback	2
300	Sayer Treversh	Male      	2001-10-01	(135) 9093729	DL-151908	IUC472	Sedan SUV Van Truck Hatchback	26
301	Janos Slaight	Male      	1999-10-17	(294) 5813692	DL-769725	UQM503	Sedan SUV Van Truck Hatchback	4
302	Bryant Skipperbottom	Male      	1989-01-08	(646) 8218818	DL-860671	SCB044	Sedan SUV Van Truck Hatchback	29
303	Carla Shimon	Female    	1991-03-01	(907) 4463757	DL-298005	NUH501	Sedan SUV Van Truck Hatchback	32
304	Pavel Croser	Male      	2001-10-12	(907) 8352625	DL-496161	LNR984	Sedan SUV Van Truck Hatchback	6
305	Filmore Lermit	Male      	1999-09-26	(283) 4416661	DL-073698	JWP742	Sedan SUV Van Truck Hatchback	41
306	Keelia Woodwin	Female    	1983-06-11	(257) 4355000	DL-985526	TDC302	Sedan SUV Van Truck Hatchback	13
307	Everard Goodlife	Male      	1987-02-12	(115) 3953755	DL-123209	GQI059	Sedan SUV Van Truck Hatchback	46
308	Tansy Lovatt	Female    	1984-10-17	(580) 3975855	DL-469920	TIG806	Sedan SUV Van Truck Hatchback	9
309	Rustin Ockendon	Male      	1989-08-11	(493) 3800270	DL-897185	WPE064	Sedan SUV Van Truck Hatchback	33
310	Lanita Normanvill	Female    	1998-02-10	(663) 5166032	DL-971526	QCH495	Sedan SUV Van Truck Hatchback	31
311	Gisele Russel	Female    	1993-08-12	(211) 3139974	DL-659120	WOS652	Sedan SUV Van Truck Hatchback	15
312	Brandtr Ranger	Male      	2003-07-19	(229) 8269959	DL-679604	HTF104	Sedan SUV Van Truck Hatchback	9
313	Joshia Danbi	Male      	1980-04-08	(171) 2357085	DL-824846	WFI707	Sedan SUV Van Truck Hatchback	44
314	Moses Rundall	Male      	2002-03-15	(798) 7502567	DL-769366	RRP055	Sedan SUV Van Truck Hatchback	41
315	Min Cashmore	Female    	1999-08-21	(407) 7690350	DL-395822	RCP094	Sedan SUV Van Truck Hatchback	10
316	Gill Brixey	Male      	1991-10-29	(811) 3780254	DL-743343	LTE681	Sedan SUV Van Truck Hatchback	37
317	Callean Gilberthorpe	Male      	1992-06-06	(646) 2094277	DL-177491	GLU720	Sedan SUV Van Truck Hatchback	26
318	Skyler Storrier	Male      	1995-05-21	(941) 1799986	DL-831660	XZL964	Sedan SUV Van Truck Hatchback	18
319	Catlee Cassels	Female    	1995-09-30	(706) 9694270	DL-449096	EVI718	Sedan SUV Van Truck Hatchback	44
320	Nicole Vile	Female    	2001-06-15	(889) 1313995	DL-514975	EYW379	Sedan SUV Van Truck Hatchback	8
321	Grenville Blackstone	Male      	1995-03-25	(625) 5238344	DL-489225	YUB236	Sedan SUV Van Truck Hatchback	33
322	Keene Hindes	Male      	2003-05-02	(994) 8804905	DL-249873	SMA047	Sedan SUV Van Truck Hatchback	24
323	Darcee Broun	Female    	1983-08-06	(724) 6705190	DL-180440	ESB971	Sedan SUV Van Truck Hatchback	8
324	Chic Prangnell	Male      	2002-01-04	(889) 5016900	DL-332184	WJW084	Sedan SUV Van Truck Hatchback	24
325	Laurette Girodier	Female    	1993-08-16	(825) 1355599	DL-618370	DYC259	Sedan SUV Van Truck Hatchback	37
326	Laurice Hallet	Female    	1992-04-27	(107) 3777210	DL-264333	SHJ487	Sedan SUV Van Truck Hatchback	44
327	Tedd Pawelczyk	Male      	1982-11-10	(748) 8794839	DL-952867	TUC025	Sedan SUV Van Truck Hatchback	27
328	Dermot Deinhardt	Male      	1999-12-30	(962) 8389360	DL-905726	XCI089	Sedan SUV Van Truck Hatchback	43
329	Alla Jerred	Female    	2003-04-26	(798) 9497854	DL-046945	LEO612	Sedan SUV Van Truck Hatchback	28
330	Tabby Ainger	Male      	1980-12-09	(117) 1516981	DL-329657	QXZ030	Sedan SUV Van Truck Hatchback	20
331	Rebecca Prangle	Female    	1997-01-17	(519) 9721961	DL-212145	YJU617	Sedan SUV Van Truck Hatchback	6
332	Federico Clohessy	Male      	1988-09-23	(480) 7779482	DL-020550	XMW544	Sedan SUV Van Truck Hatchback	28
333	Jeremiah Hane	Male      	1985-07-25	(897) 1766955	DL-718747	DZX818	Sedan SUV Van Truck Hatchback	28
334	Zonnya Mottershead	Female    	2001-11-01	(497) 4985413	DL-669515	QDS005	Sedan SUV Van Truck Hatchback	32
335	Kariotta Matissoff	Female    	1985-12-03	(771) 2922679	DL-186568	ZWS984	Sedan SUV Van Truck Hatchback	26
336	Carlee Lortzing	Female    	1991-11-17	(336) 9512732	DL-306431	QLG559	Sedan SUV Van Truck Hatchback	44
337	Melly Kerne	Female    	1987-11-30	(768) 9144738	DL-035724	WNJ780	Sedan SUV Van Truck Hatchback	6
338	Courtnay Kuhlen	Male      	1981-09-05	(241) 8477975	DL-296189	MML042	Sedan SUV Van Truck Hatchback	6
339	Mendie Mattiello	Male      	1983-05-02	(727) 4434960	DL-340992	YJZ853	Sedan SUV Van Truck Hatchback	39
340	Hewitt Riddett	Male      	2000-08-23	(283) 9347533	DL-823991	CDC244	Sedan SUV Van Truck Hatchback	21
341	Ardra McWhinnie	Female    	1981-05-20	(354) 9350864	DL-243032	HMY707	Sedan SUV Van Truck Hatchback	29
342	Kenna Wardrop	Female    	1983-12-11	(897) 5090050	DL-517618	AMJ736	Sedan SUV Van Truck Hatchback	48
343	Valentine Richie	Female    	1993-07-17	(307) 3885215	DL-950461	QLR112	Sedan SUV Van Truck Hatchback	23
344	Esme Templman	Female    	1995-10-27	(953) 3742736	DL-759587	FRY547	Sedan SUV Van Truck Hatchback	44
345	Ludovico Melior	Male      	1998-11-28	(812) 9021373	DL-868251	KFA418	Sedan SUV Van Truck Hatchback	25
346	Alysia Strood	Female    	1995-05-01	(134) 9461227	DL-761555	DLY636	Sedan SUV Van Truck Hatchback	45
347	Fergus Enrrico	Male      	1983-06-17	(373) 2165123	DL-727355	EWQ569	Sedan SUV Van Truck Hatchback	7
348	Ernesta Musla	Female    	1989-07-17	(823) 5621251	DL-727421	CNG284	Sedan SUV Van Truck Hatchback	49
349	Josee Redhead	Female    	1996-03-03	(536) 1885894	DL-189871	JNX455	Sedan SUV Van Truck Hatchback	43
350	Georgy Flipek	Male      	2000-10-11	(790) 7160256	DL-955852	CWP485	Sedan SUV Van Truck Hatchback	22
351	Kory Beretta	Male      	1992-07-26	(980) 1598127	DL-712947	NUO425	Sedan SUV Van Truck Hatchback	21
352	Janene Degenhardt	Female    	1992-06-30	(975) 1501381	DL-713306	GRN938	Sedan SUV Van Truck Hatchback	48
353	Cori Velez	Male      	1985-11-07	(942) 9063117	DL-278623	FMF304	Sedan SUV Van Truck Hatchback	13
354	Anet Crombie	Female    	1985-04-15	(866) 5970146	DL-564917	AZB172	Sedan SUV Van Truck Hatchback	16
355	Shelbi Cool	Female    	1988-04-11	(629) 2204282	DL-938295	LFF242	Sedan SUV Van Truck Hatchback	42
356	Ivy Pflieger	Female    	1982-03-27	(673) 3048629	DL-211115	SOD280	Sedan SUV Van Truck Hatchback	28
357	Herman Apdell	Male      	1996-10-05	(531) 7876622	DL-169921	ZJV284	Sedan SUV Van Truck Hatchback	2
358	Joane Volker	Female    	1985-02-28	(660) 5242557	DL-063891	KNB294	Sedan SUV Van Truck Hatchback	15
359	Fredrika Yousef	Female    	1981-11-18	(706) 5994046	DL-191375	PTK368	Sedan SUV Van Truck Hatchback	13
360	Bernelle Dirkin	Female    	1985-03-08	(484) 5903551	DL-449313	RTD584	Sedan SUV Van Truck Hatchback	16
361	Ferdinande Bruhnicke	Female    	1982-02-13	(484) 9673662	DL-295835	DDX393	Sedan SUV Van Truck Hatchback	3
362	Arv Trowill	Male      	1990-05-27	(151) 2870545	DL-229987	XPK318	Sedan SUV Van Truck Hatchback	11
363	Gorden Bondley	Male      	1981-12-09	(304) 2802376	DL-867079	QAA503	Sedan SUV Van Truck Hatchback	18
364	Keir Blethin	Male      	1984-08-30	(245) 9967078	DL-853597	MSA890	Sedan SUV Van Truck Hatchback	4
365	Megen O'Hone	Female    	1994-11-08	(396) 8863949	DL-553412	LPZ471	Sedan SUV Van Truck Hatchback	45
366	Kalila Boorer	Female    	1988-04-21	(575) 3195152	DL-593646	VDJ526	Sedan SUV Van Truck Hatchback	30
367	Avery Speere	Male      	1996-12-20	(320) 9949723	DL-104123	DUZ702	Sedan SUV Van Truck Hatchback	36
368	Kissie Rainard	Female    	1980-04-26	(417) 6418539	DL-489291	EPO200	Sedan SUV Van Truck Hatchback	8
369	Brenna Calleja	Female    	1998-08-27	(679) 2044434	DL-213086	ASA667	Sedan SUV Van Truck Hatchback	49
370	Daren Le Friec	Male      	1994-05-11	(374) 1509642	DL-424811	QJD157	Sedan SUV Van Truck Hatchback	4
371	Jerrilyn Rowbottom	Female    	1985-07-25	(155) 8250750	DL-919930	KWQ187	Sedan SUV Van Truck Hatchback	47
372	Keri Bennallck	Female    	1999-06-05	(340) 8584757	DL-481038	YFY879	Sedan SUV Van Truck Hatchback	21
373	Felizio Garr	Male      	1997-08-18	(701) 5425886	DL-587177	YDC347	Sedan SUV Van Truck Hatchback	36
374	Marje Pond-Jones	Female    	1995-08-20	(528) 4204616	DL-015857	IML720	Sedan SUV Van Truck Hatchback	14
375	Godiva Glasscoo	Female    	1995-04-28	(953) 7937869	DL-130063	EUS047	Sedan SUV Van Truck Hatchback	18
376	Drugi Ivanichev	Male      	1995-04-08	(140) 9379311	DL-303176	SAV799	Sedan SUV Van Truck Hatchback	19
377	Therine Sickamore	Female    	2000-02-14	(925) 6246356	DL-201462	AFZ517	Sedan SUV Van Truck Hatchback	42
378	Antoni Olland	Male      	1980-10-13	(651) 4147959	DL-241061	DQC772	Sedan SUV Van Truck Hatchback	41
379	Mikey Buterton	Male      	1980-01-19	(304) 1732744	DL-295874	CKA940	Sedan SUV Van Truck Hatchback	14
380	Hersh Gylle	Male      	2002-08-23	(139) 1302035	DL-652407	STE295	Sedan SUV Van Truck Hatchback	34
381	Erica Favey	Female    	1993-11-23	(502) 6986378	DL-132696	SYW599	Sedan SUV Van Truck Hatchback	47
382	Page Shadrack	Female    	2003-02-17	(579) 2483813	DL-116099	ZNV027	Sedan SUV Van Truck Hatchback	37
383	Justinian Dobble	Male      	1991-02-25	(905) 9477980	DL-162909	ERQ632	Sedan SUV Van Truck Hatchback	18
384	Eli Skurm	Male      	1982-09-28	(359) 6062911	DL-874386	ZWD628	Sedan SUV Van Truck Hatchback	21
385	Amory Oldknowe	Male      	1981-02-16	(450) 6604910	DL-434466	YMD671	Sedan SUV Van Truck Hatchback	7
386	Bent Folkes	Male      	2003-09-19	(924) 3384236	DL-682484	LZU820	Sedan SUV Van Truck Hatchback	14
387	Julissa Dreier	Female    	1994-03-27	(305) 8883907	DL-773724	XVA968	Sedan SUV Van Truck Hatchback	32
388	Elonore Vyse	Female    	1989-02-04	(312) 3076548	DL-534499	UUF070	Sedan SUV Van Truck Hatchback	49
389	Waldon Upfold	Male      	1992-11-08	(500) 7508912	DL-004872	VDQ950	Sedan SUV Van Truck Hatchback	14
390	Josey Prettyjohn	Female    	1982-03-17	(843) 1324425	DL-013129	PXY421	Sedan SUV Van Truck Hatchback	47
391	Elaina Epps	Female    	1994-09-28	(719) 8918770	DL-031521	XOL809	Sedan SUV Van Truck Hatchback	30
392	Renie Bridgland	Female    	2002-12-20	(873) 1570320	DL-208205	SJP539	Sedan SUV Van Truck Hatchback	37
393	Quincy Heaffey	Male      	2000-07-29	(801) 8649008	DL-799342	ZKH354	Sedan SUV Van Truck Hatchback	45
394	Taryn Shimon	Female    	1988-05-04	(403) 7928939	DL-145662	LGF793	Sedan SUV Van Truck Hatchback	19
395	Bern Mohammad	Male      	2001-05-23	(555) 2426166	DL-347556	CMN881	Sedan SUV Van Truck Hatchback	30
396	Vina Jealous	Female    	1990-09-07	(768) 7953159	DL-822369	JAE488	Sedan SUV Van Truck Hatchback	2
397	Rosco Scarisbrick	Male      	1996-09-26	(935) 8438959	DL-764079	GQU192	Sedan SUV Van Truck Hatchback	17
398	Perla Scurman	Female    	1998-07-06	(464) 5749345	DL-224535	IMO868	Sedan SUV Van Truck Hatchback	40
399	Artemis Cruttenden	Male      	1997-06-23	(220) 9857787	DL-051672	EXF432	Sedan SUV Van Truck Hatchback	32
400	Humbert Crann	Male      	1987-07-14	(421) 9813844	DL-343442	SEF048	Sedan SUV Van Truck Hatchback	44
401	Buddie Bromehed	Male      	1985-05-30	(380) 5701344	DL-016921	FAC136	Sedan SUV Van Truck Hatchback	47
402	Krispin Skipping	Male      	2000-07-14	(691) 8042299	DL-482618	LCY588	Sedan SUV Van Truck Hatchback	41
403	Britte Stenners	Female    	1997-08-10	(348) 9539654	DL-282728	KVI806	Sedan SUV Van Truck Hatchback	39
404	Kathy Flowitt	Female    	1998-10-05	(889) 7481848	DL-359832	ODV011	Sedan SUV Van Truck Hatchback	4
405	Joeann Gumly	Female    	2001-10-13	(120) 2474718	DL-797197	CWV390	Sedan SUV Van Truck Hatchback	19
406	Marrissa Sambals	Female    	1991-02-17	(941) 3703477	DL-568106	AOJ450	Sedan SUV Van Truck Hatchback	12
407	Roseline Flott	Female    	2002-08-12	(518) 5329693	DL-063071	MIZ073	Sedan SUV Van Truck Hatchback	35
408	Beverlee Tomasino	Female    	1986-04-02	(244) 3840668	DL-497417	OJN508	Sedan SUV Van Truck Hatchback	17
409	Veradis Bratley	Female    	2002-12-11	(415) 7570844	DL-064680	CSN816	Sedan SUV Van Truck Hatchback	19
410	Eddi Brunton	Female    	1987-11-06	(535) 5826231	DL-320269	OYE331	Sedan SUV Van Truck Hatchback	36
411	Malorie Rishworth	Female    	1997-12-20	(906) 9768307	DL-478214	MBI690	Sedan SUV Van Truck Hatchback	3
412	Oswell Ferrierio	Male      	2002-02-06	(430) 9736926	DL-491113	DSY228	Sedan SUV Van Truck Hatchback	15
413	Michael Karys	Male      	1981-10-15	(201) 6841872	DL-268236	RTQ767	Sedan SUV Van Truck Hatchback	26
414	Tanya Giovannardi	Female    	1991-02-18	(504) 3175534	DL-767918	SJH157	Sedan SUV Van Truck Hatchback	47
415	Annabela Snipe	Female    	2003-08-21	(367) 4156438	DL-081494	KOE979	Sedan SUV Van Truck Hatchback	8
416	Bili Filippazzo	Female    	1982-06-04	(840) 8541616	DL-526847	AWC506	Sedan SUV Van Truck Hatchback	24
417	Marina Cowwell	Female    	1982-06-12	(393) 6067560	DL-114891	PWC934	Sedan SUV Van Truck Hatchback	7
418	Ernestine Codner	Female    	2003-01-22	(796) 4635822	DL-543175	CZQ648	Sedan SUV Van Truck Hatchback	44
419	Kenon Vanetti	Male      	1981-05-22	(232) 6680422	DL-065074	UDX242	Sedan SUV Van Truck Hatchback	40
420	Owen Ulrik	Male      	1984-05-29	(248) 9348547	DL-654112	EMI326	Sedan SUV Van Truck Hatchback	49
421	Moses Whetnell	Male      	1990-07-16	(950) 8755275	DL-514050	SNV466	Sedan SUV Van Truck Hatchback	19
422	Adara Ventura	Female    	2002-12-04	(862) 5889094	DL-424883	IRV980	Sedan SUV Van Truck Hatchback	49
423	Tabbitha Whittlesea	Female    	1985-05-17	(925) 7785584	DL-069230	TNT350	Sedan SUV Van Truck Hatchback	10
424	Barthel MacCambridge	Male      	1987-04-29	(368) 5764831	DL-143091	SAA900	Sedan SUV Van Truck Hatchback	22
425	Tonya Goodchild	Female    	1990-12-21	(204) 5769621	DL-543506	RGH647	Sedan SUV Van Truck Hatchback	12
426	Devlin Buret	Male      	1992-01-26	(888) 2596280	DL-239306	ALJ648	Sedan SUV Van Truck Hatchback	41
427	Bent Arnopp	Male      	1992-08-13	(247) 3463542	DL-525023	SAW606	Sedan SUV Van Truck Hatchback	49
428	Carmela Wyles	Female    	2000-07-22	(858) 3058761	DL-416288	DXK819	Sedan SUV Van Truck Hatchback	24
429	Callie Ogers	Female    	1984-05-28	(770) 6002900	DL-083464	LDT384	Sedan SUV Van Truck Hatchback	48
430	Merle Goss	Male      	1992-01-08	(692) 1315085	DL-055071	MMQ922	Sedan SUV Van Truck Hatchback	26
431	Lillis Radmer	Female    	1982-01-01	(600) 8828281	DL-037667	YBZ341	Sedan SUV Van Truck Hatchback	12
432	Margy Hudspith	Female    	1985-05-24	(638) 8816628	DL-093161	AXP416	Sedan SUV Van Truck Hatchback	2
433	Karleen Pestell	Female    	1996-10-14	(785) 9614999	DL-046890	FMV537	Sedan SUV Van Truck Hatchback	24
434	Levin Playhill	Male      	1990-06-29	(184) 5598625	DL-122615	WNZ441	Sedan SUV Van Truck Hatchback	47
435	Robbie O'Cridigan	Male      	1984-03-29	(512) 1269312	DL-285491	GJJ710	Sedan SUV Van Truck Hatchback	43
436	Gene Grewe	Male      	2000-11-14	(462) 4488553	DL-354190	IHX953	Sedan SUV Van Truck Hatchback	38
437	Bordy Schonfelder	Male      	1999-06-26	(925) 3312172	DL-523153	OHU423	Sedan SUV Van Truck Hatchback	39
438	Gene Colquitt	Female    	2002-11-06	(811) 8621374	DL-939731	YRX172	Sedan SUV Van Truck Hatchback	20
439	Carine Kuhnwald	Female    	1982-06-24	(318) 5004153	DL-477889	UVV973	Sedan SUV Van Truck Hatchback	4
440	Jobey Mawdsley	Female    	1983-04-22	(214) 6221469	DL-710885	PJA917	Sedan SUV Van Truck Hatchback	36
441	Gabie Domokos	Male      	1987-01-04	(827) 7102217	DL-033247	KRI387	Sedan SUV Van Truck Hatchback	37
442	Jerad Headland	Male      	1990-11-02	(822) 8171893	DL-093823	TQE987	Sedan SUV Van Truck Hatchback	31
443	Morganne Spick	Female    	1996-10-19	(375) 7124376	DL-398028	DDC440	Sedan SUV Van Truck Hatchback	15
444	Winnah Sinkins	Female    	1982-01-17	(128) 6895733	DL-302493	HFY145	Sedan SUV Van Truck Hatchback	41
445	Brandtr McFadin	Male      	1992-05-12	(128) 6263573	DL-040969	FYF346	Sedan SUV Van Truck Hatchback	47
446	Marleah Ruddiforth	Female    	2002-01-01	(407) 1219823	DL-456585	FGB501	Sedan SUV Van Truck Hatchback	25
447	Imogen Doxey	Female    	1981-06-21	(784) 6009073	DL-078456	TIF528	Sedan SUV Van Truck Hatchback	49
448	Anetta Wilder	Female    	1994-12-19	(971) 5414425	DL-003363	HDK469	Sedan SUV Van Truck Hatchback	31
449	Wilow Sellack	Female    	1991-03-31	(298) 5912403	DL-613756	WLI590	Sedan SUV Van Truck Hatchback	31
450	Jefferey Ellens	Male      	1982-12-15	(535) 6503922	DL-652275	ACV844	Sedan SUV Van Truck Hatchback	40
451	Elisha Wicklen	Female    	1999-09-06	(532) 5926868	DL-796483	RLK169	Sedan SUV Van Truck Hatchback	47
452	Webster Nicholas	Male      	1985-08-05	(327) 1214626	DL-118534	JIK735	Sedan SUV Van Truck Hatchback	40
453	Hanan Allcott	Male      	1983-04-10	(998) 9527413	DL-729881	BEE474	Sedan SUV Van Truck Hatchback	37
454	Georgiana Piolli	Female    	1991-08-27	(457) 4201460	DL-639672	DZA744	Sedan SUV Van Truck Hatchback	21
455	Cale Love	Male      	1985-11-22	(276) 2834553	DL-812958	CNS668	Sedan SUV Van Truck Hatchback	13
456	Shermy Colleymore	Male      	1992-01-14	(922) 1203705	DL-455144	NBR481	Sedan SUV Van Truck Hatchback	23
457	Nannette Clackson	Female    	2002-03-18	(545) 6118478	DL-176855	GAH972	Sedan SUV Van Truck Hatchback	21
458	Gav Gettone	Male      	1989-12-09	(157) 3679111	DL-142416	RWH409	Sedan SUV Van Truck Hatchback	34
459	Charlie Sayse	Male      	2002-09-03	(841) 5818954	DL-062955	VYD713	Sedan SUV Van Truck Hatchback	1
460	Heidie Flanagan	Female    	1995-07-28	(527) 4414911	DL-393858	ATE581	Sedan SUV Van Truck Hatchback	18
461	Constantino Tummasutti	Male      	1987-10-17	(837) 9070608	DL-336758	OTQ686	Sedan SUV Van Truck Hatchback	31
462	Birdie Gresswood	Female    	1981-02-27	(266) 5265765	DL-082449	FTR059	Sedan SUV Van Truck Hatchback	48
463	Melisande Matthias	Female    	1995-04-09	(931) 7844323	DL-818448	GZG327	Sedan SUV Van Truck Hatchback	24
464	Amos Bulford	Male      	1999-03-27	(332) 4248514	DL-318255	AOO584	Sedan SUV Van Truck Hatchback	13
465	Halsy Madgwick	Male      	1998-07-06	(290) 1469541	DL-486851	OSI476	Sedan SUV Van Truck Hatchback	43
466	Ogdan Kerton	Male      	1999-09-08	(270) 9260848	DL-955089	UAM669	Sedan SUV Van Truck Hatchback	12
467	Ewart Dibben	Male      	1998-08-16	(980) 5857799	DL-516727	MLN127	Sedan SUV Van Truck Hatchback	37
468	Nicolais Olden	Male      	1995-06-10	(358) 7961002	DL-956350	HQF017	Sedan SUV Van Truck Hatchback	28
469	Corby Iorizzo	Male      	1980-10-18	(990) 8692406	DL-580466	PRM615	Sedan SUV Van Truck Hatchback	8
470	Rosabella Rubee	Female    	1988-02-13	(370) 3680786	DL-266434	CCC644	Sedan SUV Van Truck Hatchback	20
471	Emlyn Happel	Male      	1989-10-23	(579) 7271642	DL-364659	GOH382	Sedan SUV Van Truck Hatchback	40
472	Bron Jerrans	Male      	1987-12-29	(656) 5758689	DL-166518	ZQD007	Sedan SUV Van Truck Hatchback	24
473	Wilmer Feldstein	Male      	1989-04-25	(202) 2234049	DL-199312	QVE810	Sedan SUV Van Truck Hatchback	19
474	Lyell Buscombe	Male      	1983-07-31	(977) 9610332	DL-631996	YKS563	Sedan SUV Van Truck Hatchback	12
475	Klarika Ducham	Female    	1999-07-19	(230) 9051157	DL-342587	MNH853	Sedan SUV Van Truck Hatchback	20
476	Ulises Snookes	Male      	1984-04-20	(838) 8610060	DL-665308	GFB780	Sedan SUV Van Truck Hatchback	36
477	Keven Spencelayh	Male      	1982-02-07	(724) 5029310	DL-120825	KQO187	Sedan SUV Van Truck Hatchback	26
478	Sloan Karpushkin	Male      	1988-10-17	(348) 9692300	DL-452836	UOV844	Sedan SUV Van Truck Hatchback	5
479	Gabie Inker	Female    	1984-11-12	(413) 5119135	DL-070081	QCC221	Sedan SUV Van Truck Hatchback	47
480	Nappie McNeill	Male      	1995-03-18	(680) 6543972	DL-039231	NTS113	Sedan SUV Van Truck Hatchback	46
481	Emili Cuddehay	Female    	1982-06-10	(711) 5168598	DL-188361	NLK679	Sedan SUV Van Truck Hatchback	48
482	Thurston Vegas	Male      	1984-03-22	(550) 8367013	DL-306174	XFK320	Sedan SUV Van Truck Hatchback	28
483	Catlee Halley	Female    	1981-11-05	(431) 9259608	DL-661934	MTQ857	Sedan SUV Van Truck Hatchback	32
484	Karissa Bankes	Female    	1981-06-21	(969) 8329653	DL-960970	HXM332	Sedan SUV Van Truck Hatchback	47
485	Tristam Ellerey	Male      	1983-12-21	(328) 9757341	DL-836250	JDV665	Sedan SUV Van Truck Hatchback	19
486	Vinnie Matejic	Male      	1987-04-06	(882) 8260651	DL-662186	TRZ871	Sedan SUV Van Truck Hatchback	2
487	Lissa Oles	Female    	1983-07-23	(906) 2802575	DL-524633	MYC571	Sedan SUV Van Truck Hatchback	12
488	Eleanor Peppin	Female    	1982-04-18	(363) 2001726	DL-142932	EXD758	Sedan SUV Van Truck Hatchback	31
489	Ardine Rodgier	Female    	1986-10-24	(150) 5075174	DL-014675	KSV035	Sedan SUV Van Truck Hatchback	5
490	Morie Riccard	Male      	1998-10-08	(619) 9731551	DL-667458	NKB861	Sedan SUV Van Truck Hatchback	49
491	Alfons Newbigging	Male      	2002-03-15	(153) 4998312	DL-118544	CRW396	Sedan SUV Van Truck Hatchback	7
492	Goldina Artois	Female    	1984-08-31	(820) 1131782	DL-257956	ZMR049	Sedan SUV Van Truck Hatchback	42
493	Sioux Demeter	Female    	1991-05-29	(268) 7292701	DL-210580	ZDG535	Sedan SUV Van Truck Hatchback	11
494	Elfrieda Dufall	Female    	1986-02-09	(146) 9788941	DL-970712	EJG832	Sedan SUV Van Truck Hatchback	32
495	Mollie Goodred	Female    	1990-05-13	(767) 1654058	DL-073334	BCI296	Sedan SUV Van Truck Hatchback	25
496	Cly Hefferon	Male      	2002-03-01	(887) 4015570	DL-950796	DME792	Sedan SUV Van Truck Hatchback	18
497	Gerri Clever	Male      	1985-12-28	(643) 8232759	DL-148986	OGB365	Sedan SUV Van Truck Hatchback	37
498	Camala Gunbie	Female    	2002-01-01	(305) 7607654	DL-274928	ZTP716	Sedan SUV Van Truck Hatchback	37
499	Fulton Lowndsbrough	Male      	1984-08-25	(733) 5028901	DL-519099	WSK679	Sedan SUV Van Truck Hatchback	18
500	Billie Panketh	Male      	1994-07-04	(239) 1305296	DL-500569	NWC408	Sedan SUV Van Truck Hatchback	20
501	Jay Mustard	Male      	1985-11-28	(472) 2388588	DL-328363	USG201	Sedan SUV Van Truck Hatchback	35
502	Fin Pirdue	Male      	1983-11-11	(743) 5029753	DL-934272	LEX130	Sedan SUV Van Truck Hatchback	3
503	Caro Hovee	Female    	1992-12-25	(742) 6982551	DL-572660	ISI260	Sedan SUV Van Truck Hatchback	6
504	Celestia McRill	Female    	1987-12-18	(374) 1065960	DL-298641	QZX750	Sedan SUV Van Truck Hatchback	19
505	Dimitry Rozenzweig	Male      	1995-01-18	(599) 7097121	DL-101658	QRC260	Sedan SUV Van Truck Hatchback	3
506	Gael Eye	Female    	1988-12-21	(961) 2847679	DL-916186	IUH360	Sedan SUV Van Truck Hatchback	6
507	Linell Francey	Female    	1986-12-09	(428) 8885227	DL-396246	ZYV686	Sedan SUV Van Truck Hatchback	12
508	Gus Gagen	Male      	1986-08-30	(757) 8388387	DL-884531	NWW181	Sedan SUV Van Truck Hatchback	30
509	Persis Hourican	Female    	1988-05-17	(748) 3181958	DL-558906	NOO836	Sedan SUV Van Truck Hatchback	15
510	Sibby Penzer	Female    	1986-03-03	(982) 3695950	DL-583080	AZW274	Sedan SUV Van Truck Hatchback	48
511	Joachim Hauch	Male      	1985-11-08	(334) 4848625	DL-145586	VUV939	Sedan SUV Van Truck Hatchback	33
512	Starlin McCrostie	Female    	2000-08-26	(167) 2095252	DL-334950	JIB222	Sedan SUV Van Truck Hatchback	21
513	Kikelia Fabri	Female    	1995-05-24	(944) 4371036	DL-173027	OJX012	Sedan SUV Van Truck Hatchback	28
514	Benoit Troth	Male      	1982-06-11	(932) 7887083	DL-543862	XRX160	Sedan SUV Van Truck Hatchback	35
515	Ester Hansmann	Female    	1981-07-15	(570) 5520294	DL-176774	SPK449	Sedan SUV Van Truck Hatchback	12
516	Claire Varnals	Female    	1994-03-31	(880) 9469391	DL-150703	RJO751	Sedan SUV Van Truck Hatchback	17
517	Cal Blay	Female    	1980-01-08	(157) 4202503	DL-285378	KAA307	Sedan SUV Van Truck Hatchback	49
518	Claudia Vittel	Female    	1995-03-07	(821) 1384051	DL-924628	JVS049	Sedan SUV Van Truck Hatchback	39
519	Armand McGurn	Male      	1994-08-11	(274) 7123940	DL-928472	FDG183	Sedan SUV Van Truck Hatchback	21
520	Ronny Narramor	Female    	1984-10-10	(772) 2158133	DL-602137	MWM899	Sedan SUV Van Truck Hatchback	1
521	Flor Winterborne	Female    	1996-04-16	(913) 8605563	DL-300679	CIO922	Sedan SUV Van Truck Hatchback	15
522	Emlen Meredyth	Male      	1996-05-23	(986) 7209421	DL-850105	XZJ469	Sedan SUV Van Truck Hatchback	34
523	Eduino Carder	Male      	1990-04-26	(415) 3667441	DL-633249	HXW339	Sedan SUV Van Truck Hatchback	38
524	Debor Santi	Female    	1988-03-23	(578) 2474317	DL-422295	AJY868	Sedan SUV Van Truck Hatchback	24
525	Ilyse Millery	Female    	1994-06-05	(987) 2598674	DL-256598	XIE277	Sedan SUV Van Truck Hatchback	3
526	Maxie Bevis	Female    	1990-05-30	(363) 7896696	DL-831863	KFY489	Sedan SUV Van Truck Hatchback	34
527	Rosco Langstone	Male      	1999-06-13	(730) 4419750	DL-480460	TEW013	Sedan SUV Van Truck Hatchback	38
528	Kathye Hazlegrove	Female    	1988-07-08	(876) 9813004	DL-316258	PWJ423	Sedan SUV Van Truck Hatchback	13
529	Chance Shakspeare	Male      	1993-06-04	(142) 3448834	DL-727572	WGJ740	Sedan SUV Van Truck Hatchback	12
530	Nancee Welds	Female    	1982-09-25	(101) 9614111	DL-356315	FGS257	Sedan SUV Van Truck Hatchback	7
531	Devondra Bramelt	Female    	1993-11-29	(266) 3571330	DL-238012	VYE768	Sedan SUV Van Truck Hatchback	35
532	Darci Stiell	Female    	1990-01-09	(788) 4582214	DL-757922	VIT926	Sedan SUV Van Truck Hatchback	45
533	Norris Sabatini	Male      	2002-02-23	(487) 7257055	DL-694494	TFZ028	Sedan SUV Van Truck Hatchback	33
534	Jacob Patise	Male      	1998-11-10	(321) 7743671	DL-203279	OIZ526	Sedan SUV Van Truck Hatchback	44
535	Chrissie Craft	Female    	1992-01-18	(462) 9651241	DL-335939	KFO182	Sedan SUV Van Truck Hatchback	24
536	Shannon Coulter	Female    	1987-03-17	(873) 9956353	DL-179998	GBT645	Sedan SUV Van Truck Hatchback	29
537	Niel Bartoleyn	Male      	2002-11-26	(272) 6870367	DL-509328	TVX348	Sedan SUV Van Truck Hatchback	7
538	Janith Delves	Female    	1981-09-13	(339) 6153663	DL-125905	FQS647	Sedan SUV Van Truck Hatchback	22
539	Gretal Lucy	Female    	1986-11-13	(711) 9740892	DL-732582	LWC736	Sedan SUV Van Truck Hatchback	13
540	Andriette Hefferan	Female    	1994-09-17	(973) 9161431	DL-315480	OKH622	Sedan SUV Van Truck Hatchback	13
541	Asher Ebi	Male      	1999-02-19	(518) 2427920	DL-029771	XTH136	Sedan SUV Van Truck Hatchback	21
542	Inga Collcutt	Female    	1994-09-24	(876) 7265795	DL-614286	QFE983	Sedan SUV Van Truck Hatchback	2
543	Patricio Crawley	Male      	1992-06-24	(556) 8598403	DL-993961	FDF300	Sedan SUV Van Truck Hatchback	38
544	Brose Salsbury	Male      	1988-01-20	(782) 2475539	DL-496843	QGV797	Sedan SUV Van Truck Hatchback	46
545	Euell Broader	Male      	1980-02-04	(971) 1652976	DL-297071	NIX085	Sedan SUV Van Truck Hatchback	41
546	Siana Toop	Female    	1980-06-09	(349) 4338067	DL-393871	YEF206	Sedan SUV Van Truck Hatchback	45
547	Patten Bettam	Male      	2003-11-12	(729) 5220141	DL-034490	ARP116	Sedan SUV Van Truck Hatchback	18
548	Leslie Sherwill	Male      	1982-05-20	(815) 5828037	DL-695479	QIH316	Sedan SUV Van Truck Hatchback	28
549	Garfield Playfoot	Male      	2000-06-12	(703) 8546488	DL-566392	DMI885	Sedan SUV Van Truck Hatchback	38
550	Lee Cant	Female    	1989-03-19	(572) 1333465	DL-621534	CQJ943	Sedan SUV Van Truck Hatchback	7
551	Marijn Moynham	Male      	1992-05-03	(466) 7916531	DL-011510	ZKC739	Sedan SUV Van Truck Hatchback	45
552	Melodie Baynom	Female    	1992-11-21	(130) 7293406	DL-141549	OGJ759	Sedan SUV Van Truck Hatchback	39
553	Nikkie Gibson	Female    	2003-03-01	(846) 4216901	DL-476936	ISW543	Sedan SUV Van Truck Hatchback	47
554	Sayre Sebring	Male      	1989-06-12	(110) 2993397	DL-618439	XAK969	Sedan SUV Van Truck Hatchback	45
555	Devin Tigner	Male      	1982-11-12	(590) 8896551	DL-622585	UYQ672	Sedan SUV Van Truck Hatchback	18
556	Ragnar Guilliland	Male      	1995-11-12	(573) 6101633	DL-026624	HBG179	Sedan SUV Van Truck Hatchback	44
557	Godard Cappleman	Male      	1992-04-10	(699) 7941023	DL-000736	BTA636	Sedan SUV Van Truck Hatchback	46
558	Athene Narup	Female    	1999-07-11	(855) 1931965	DL-768292	TPA567	Sedan SUV Van Truck Hatchback	12
559	Valaria Winckworth	Female    	1984-03-27	(371) 2298727	DL-455754	MNM412	Sedan SUV Van Truck Hatchback	2
560	Gertie Kobiela	Female    	1997-06-26	(351) 4462365	DL-011099	HZZ751	Sedan SUV Van Truck Hatchback	41
561	Lian Kellet	Female    	1983-12-01	(691) 3248528	DL-283071	GVR051	Sedan SUV Van Truck Hatchback	35
562	Philipa Kenderdine	Female    	1981-10-30	(903) 9339494	DL-970320	OJM306	Sedan SUV Van Truck Hatchback	14
563	Allene Harget	Female    	1991-08-31	(279) 2478344	DL-495190	HGI173	Sedan SUV Van Truck Hatchback	30
564	Ekaterina Fawke	Female    	1999-09-27	(512) 9694866	DL-693819	UNJ093	Sedan SUV Van Truck Hatchback	11
565	Lanna Dickens	Female    	1993-04-25	(281) 5845690	DL-409942	HEG596	Sedan SUV Van Truck Hatchback	1
566	Denice Canelas	Female    	1995-01-10	(146) 3400846	DL-192960	VRP828	Sedan SUV Van Truck Hatchback	29
567	Cathi Wildbore	Female    	1985-07-01	(344) 6332021	DL-898199	HYR345	Sedan SUV Van Truck Hatchback	8
568	Blinny Shilvock	Female    	1985-07-18	(584) 1366754	DL-085350	GRO663	Sedan SUV Van Truck Hatchback	48
569	Meyer Rosenfeld	Male      	2001-03-26	(488) 6657301	DL-606833	OWG344	Sedan SUV Van Truck Hatchback	48
570	Lissi Dark	Female    	1990-10-26	(655) 7142007	DL-532664	PJD098	Sedan SUV Van Truck Hatchback	29
571	Charmine Kiddie	Female    	1987-07-09	(433) 3935600	DL-458117	GLT690	Sedan SUV Van Truck Hatchback	13
572	Walker Kennefick	Male      	1982-10-02	(770) 8261264	DL-233380	UAH514	Sedan SUV Van Truck Hatchback	1
573	Eilis Brehat	Female    	1981-10-25	(940) 9333345	DL-162844	JXF991	Sedan SUV Van Truck Hatchback	31
574	Sunshine Littlejohn	Female    	1997-07-02	(535) 9417612	DL-550785	TDV529	Sedan SUV Van Truck Hatchback	31
575	Julina Arenson	Female    	1993-09-10	(786) 6828572	DL-074263	ZIG754	Sedan SUV Van Truck Hatchback	30
576	Zitella Masey	Female    	1992-08-01	(154) 2456228	DL-294771	VTO204	Sedan SUV Van Truck Hatchback	9
577	Alis MacCarrane	Female    	1980-02-04	(100) 7600844	DL-921493	AAY071	Sedan SUV Van Truck Hatchback	5
578	Guillermo Have	Male      	1982-08-12	(189) 5989552	DL-996656	UYR295	Sedan SUV Van Truck Hatchback	37
579	Courtnay Toderi	Female    	1994-01-23	(395) 7980891	DL-190732	TNL860	Sedan SUV Van Truck Hatchback	24
580	Hortensia Bragger	Female    	2001-06-12	(875) 6309087	DL-832095	QEW370	Sedan SUV Van Truck Hatchback	14
581	Abbe Aisbett	Female    	1995-07-18	(402) 7750764	DL-984511	TOI092	Sedan SUV Van Truck Hatchback	28
582	Nikola McGlaud	Male      	1999-11-06	(584) 9210396	DL-978781	HOC334	Sedan SUV Van Truck Hatchback	15
583	Kath Hoppner	Female    	1984-03-31	(436) 5718787	DL-684992	JBB413	Sedan SUV Van Truck Hatchback	47
584	Barbie Iceton	Female    	1983-08-14	(141) 8584845	DL-890606	SLE328	Sedan SUV Van Truck Hatchback	13
585	Dorthy Kleszinski	Female    	1993-01-22	(229) 3196597	DL-978209	NWE701	Sedan SUV Van Truck Hatchback	29
586	Loree Russan	Female    	1981-11-20	(705) 6228449	DL-604568	DQU077	Sedan SUV Van Truck Hatchback	9
587	Orlando Simioli	Male      	2001-07-19	(423) 2853807	DL-769672	KWS903	Sedan SUV Van Truck Hatchback	36
588	Ely Coil	Male      	1993-01-03	(168) 9796803	DL-525218	EOE500	Sedan SUV Van Truck Hatchback	40
589	Serene Biggins	Female    	1986-11-01	(885) 4860965	DL-170112	YJA570	Sedan SUV Van Truck Hatchback	25
590	Matthaeus Morffew	Male      	1991-03-03	(602) 3558555	DL-662619	LRB716	Sedan SUV Van Truck Hatchback	8
591	Gabie Swyre	Male      	1998-09-21	(625) 5048066	DL-247053	GYD469	Sedan SUV Van Truck Hatchback	16
592	Rubin Baigrie	Male      	1981-03-25	(131) 3321201	DL-703025	LFS642	Sedan SUV Van Truck Hatchback	14
593	Benson Blakeborough	Male      	1985-05-19	(217) 5497162	DL-566092	ACO776	Sedan SUV Van Truck Hatchback	12
594	Pepita Carryer	Female    	1984-07-16	(378) 7039709	DL-850156	JGH808	Sedan SUV Van Truck Hatchback	34
595	August Middiff	Male      	1998-01-29	(104) 7702465	DL-916629	NIB200	Sedan SUV Van Truck Hatchback	1
596	Jermayne Loomes	Male      	1985-08-05	(808) 1160869	DL-949938	OEY210	Sedan SUV Van Truck Hatchback	19
597	Hazel Eynaud	Female    	1998-12-30	(143) 1511296	DL-933723	IVU825	Sedan SUV Van Truck Hatchback	37
598	Mischa Leaney	Male      	1982-11-24	(284) 3081660	DL-720233	BYZ756	Sedan SUV Van Truck Hatchback	35
599	Stacia Gianninotti	Female    	2002-01-28	(635) 5468589	DL-632971	EQK795	Sedan SUV Van Truck Hatchback	38
600	Krissie Iacomini	Female    	1991-03-30	(293) 9536169	DL-758362	QHI944	Sedan SUV Van Truck Hatchback	36
601	Cort Kitchen	Male      	1992-12-07	(266) 8027506	DL-604645	QWB913	Sedan SUV Van Truck Hatchback	33
602	Sherill Frosch	Female    	1995-01-27	(415) 4412762	DL-378678	ULP508	Sedan SUV Van Truck Hatchback	1
603	Salvidor Prinnett	Male      	1984-09-11	(170) 9421028	DL-027051	NKY437	Sedan SUV Van Truck Hatchback	2
604	Emelia Mardlin	Female    	1981-11-18	(590) 4582234	DL-088905	SMJ767	Sedan SUV Van Truck Hatchback	48
605	Clare Stean	Male      	1996-09-16	(443) 5188298	DL-047662	RJR519	Sedan SUV Van Truck Hatchback	17
606	Athena Klimkin	Female    	1983-11-07	(513) 5595598	DL-843777	ATC025	Sedan SUV Van Truck Hatchback	45
607	Carley Wilkison	Female    	1994-12-03	(156) 3483403	DL-858352	IWE159	Sedan SUV Van Truck Hatchback	38
608	Fredek Yakobowitz	Male      	1999-10-18	(660) 4405827	DL-044023	JCX567	Sedan SUV Van Truck Hatchback	34
609	Ive Halfhide	Male      	2001-03-06	(734) 7195246	DL-554948	SWV085	Sedan SUV Van Truck Hatchback	32
610	Jessie Scutt	Male      	1983-06-01	(411) 8882931	DL-064676	FCE492	Sedan SUV Van Truck Hatchback	34
611	Rufus Leeb	Male      	1986-08-20	(378) 8770085	DL-693624	DJO795	Sedan SUV Van Truck Hatchback	34
612	Madelene Venes	Female    	1996-06-02	(634) 4345770	DL-863423	GQN288	Sedan SUV Van Truck Hatchback	5
613	Ric Marre	Male      	1986-11-20	(915) 1455932	DL-128551	FZW941	Sedan SUV Van Truck Hatchback	43
614	Zelda Bruggen	Female    	2001-11-15	(496) 6570687	DL-811151	NRJ792	Sedan SUV Van Truck Hatchback	11
615	Devondra Wornum	Female    	1989-09-30	(459) 7405762	DL-457076	WGA000	Sedan SUV Van Truck Hatchback	8
616	Beauregard O'Growgane	Male      	1994-04-23	(483) 4817209	DL-690455	QWO911	Sedan SUV Van Truck Hatchback	1
617	Bernardine Wilfinger	Female    	1999-07-14	(722) 9773397	DL-635860	TFT360	Sedan SUV Van Truck Hatchback	38
618	Willyt Horburgh	Female    	1999-08-05	(827) 2751139	DL-747854	EMA016	Sedan SUV Van Truck Hatchback	12
619	Holly Comerford	Male      	2002-03-12	(570) 7801563	DL-887966	KOK882	Sedan SUV Van Truck Hatchback	42
620	Dallis Lumbly	Male      	1983-04-14	(265) 9646318	DL-074674	IPY771	Sedan SUV Van Truck Hatchback	5
621	Farrel Comley	Male      	1990-06-05	(191) 5939831	DL-835733	IFM802	Sedan SUV Van Truck Hatchback	1
622	Viviana Seilmann	Female    	1999-02-14	(378) 4604947	DL-836650	NLP643	Sedan SUV Van Truck Hatchback	18
623	Cordy Eyree	Male      	1985-12-28	(251) 8867984	DL-922859	XIH706	Sedan SUV Van Truck Hatchback	46
624	Annabella Collett	Female    	1983-04-21	(910) 5817187	DL-381975	ADA526	Sedan SUV Van Truck Hatchback	21
625	Ruthanne Goschalk	Female    	1982-12-18	(488) 6985161	DL-433931	EOJ252	Sedan SUV Van Truck Hatchback	46
626	Yancey Giraldon	Male      	1989-06-22	(499) 3211254	DL-890744	KJB240	Sedan SUV Van Truck Hatchback	6
627	Zea Pedgrift	Female    	1995-12-31	(197) 2661220	DL-649366	PNJ574	Sedan SUV Van Truck Hatchback	31
628	Cliff Snelman	Male      	1988-07-23	(698) 5902720	DL-677981	THB671	Sedan SUV Van Truck Hatchback	26
629	Alden Goreway	Male      	1982-08-14	(696) 6353051	DL-953118	JVF974	Sedan SUV Van Truck Hatchback	37
630	Ronny Drewell	Male      	1987-09-18	(256) 4949317	DL-968107	RBE440	Sedan SUV Van Truck Hatchback	6
631	Sol Marians	Male      	2001-10-07	(470) 1511511	DL-552675	SYN305	Sedan SUV Van Truck Hatchback	23
632	Gretal Sachno	Female    	1983-10-14	(914) 3265460	DL-391879	LQE085	Sedan SUV Van Truck Hatchback	22
633	Courtenay Wenderoth	Female    	1982-01-21	(148) 4149810	DL-970190	GGJ850	Sedan SUV Van Truck Hatchback	11
634	Melessa Kenwood	Female    	2002-05-25	(808) 7383831	DL-453355	TSX773	Sedan SUV Van Truck Hatchback	47
635	Edvard Fleischmann	Male      	1996-06-30	(351) 1198360	DL-702991	VOZ733	Sedan SUV Van Truck Hatchback	16
636	Gerek Hartropp	Male      	1997-12-20	(202) 7089129	DL-553779	WKV594	Sedan SUV Van Truck Hatchback	7
637	Dalli Davidson	Male      	1994-02-24	(588) 7323186	DL-113607	ZOU312	Sedan SUV Van Truck Hatchback	26
638	Rhea Spittle	Female    	2002-09-13	(958) 7764521	DL-158347	DQO411	Sedan SUV Van Truck Hatchback	34
639	Leroy McCorrie	Male      	2001-10-28	(811) 1623374	DL-951281	KCL456	Sedan SUV Van Truck Hatchback	44
640	Micky Wallach	Male      	1999-04-03	(899) 1078848	DL-825294	APH919	Sedan SUV Van Truck Hatchback	36
641	Thurston Daviot	Male      	2002-12-31	(811) 5405489	DL-755136	JGY327	Sedan SUV Van Truck Hatchback	6
642	Blake Leatherbarrow	Male      	1982-09-17	(475) 9044484	DL-544907	MBM966	Sedan SUV Van Truck Hatchback	22
643	Tobias Lannin	Male      	1989-12-24	(692) 7479418	DL-532531	XTM716	Sedan SUV Van Truck Hatchback	1
644	Dani Charlewood	Male      	1985-11-10	(104) 5921671	DL-730169	WLL672	Sedan SUV Van Truck Hatchback	40
645	Sylas MacAless	Male      	1995-01-14	(210) 5700554	DL-308692	RVX516	Sedan SUV Van Truck Hatchback	14
646	Lawrence Garken	Male      	1996-08-27	(157) 9451088	DL-944070	AFB033	Sedan SUV Van Truck Hatchback	11
647	Gabriell Degan	Female    	1992-10-18	(222) 3116328	DL-917497	PDR426	Sedan SUV Van Truck Hatchback	38
648	Hollyanne Dionisio	Female    	1986-03-06	(997) 7574335	DL-750595	GFS609	Sedan SUV Van Truck Hatchback	29
649	Jade McGeouch	Female    	1985-03-28	(166) 8631258	DL-433955	PNS487	Sedan SUV Van Truck Hatchback	6
650	Gerik Collidge	Male      	1984-09-26	(995) 8237699	DL-164890	IYJ169	Sedan SUV Van Truck Hatchback	36
651	Montgomery Cronkshaw	Male      	1998-07-07	(376) 5162213	DL-937411	GCZ368	Sedan SUV Van Truck Hatchback	36
652	Holden Polglase	Male      	1997-12-25	(373) 3362135	DL-265718	JBS298	Sedan SUV Van Truck Hatchback	21
653	Susy Usher	Female    	1986-12-22	(823) 1743411	DL-962498	QRY125	Sedan SUV Van Truck Hatchback	31
654	Wilbur Zimmerman	Male      	1991-03-01	(392) 4919332	DL-737169	SEQ663	Sedan SUV Van Truck Hatchback	34
655	Pierson Borles	Male      	2002-02-13	(998) 7937315	DL-462029	RFB453	Sedan SUV Van Truck Hatchback	49
656	Artemus Dublin	Male      	1992-02-28	(165) 1163658	DL-017518	ACJ546	Sedan SUV Van Truck Hatchback	12
657	Rory Boyet	Male      	1991-08-17	(777) 5718790	DL-120156	XKE855	Sedan SUV Van Truck Hatchback	47
658	Kincaid Peckitt	Male      	1989-05-01	(613) 9876396	DL-079585	UZO710	Sedan SUV Van Truck Hatchback	20
659	Chelsey Warrier	Female    	1984-06-14	(314) 2651372	DL-932494	VSG846	Sedan SUV Van Truck Hatchback	8
660	Ethe Gai	Male      	1984-10-06	(202) 5561559	DL-329701	CDO040	Sedan SUV Van Truck Hatchback	24
661	Seymour Jinks	Male      	1990-05-31	(389) 6269437	DL-992659	NQC435	Sedan SUV Van Truck Hatchback	1
662	Viki Hugle	Female    	1990-07-19	(814) 9554781	DL-230358	KVJ667	Sedan SUV Van Truck Hatchback	6
663	Nerte MacSkeaghan	Female    	1999-05-30	(499) 7247112	DL-616957	FMD337	Sedan SUV Van Truck Hatchback	36
664	Georas Allan	Male      	1986-09-28	(757) 9640827	DL-782753	MMI990	Sedan SUV Van Truck Hatchback	42
665	Bambi MacGillivray	Female    	1983-09-29	(960) 1183518	DL-333491	BAT358	Sedan SUV Van Truck Hatchback	47
666	Uriah Weale	Male      	2003-07-13	(407) 7314118	DL-569786	VDR593	Sedan SUV Van Truck Hatchback	27
667	Nikola Purdey	Male      	1982-03-07	(454) 3494992	DL-868269	PWQ213	Sedan SUV Van Truck Hatchback	33
668	Zelma Pergens	Female    	1987-05-16	(593) 8821705	DL-382611	DTN376	Sedan SUV Van Truck Hatchback	13
669	Alvy Burnard	Male      	1995-09-14	(747) 2041211	DL-036870	AKF348	Sedan SUV Van Truck Hatchback	15
670	Glen Deme	Male      	1986-07-16	(126) 5227057	DL-329916	IML522	Sedan SUV Van Truck Hatchback	35
671	Lombard Murie	Male      	1981-02-11	(897) 4728322	DL-350618	SJR693	Sedan SUV Van Truck Hatchback	26
672	Raf Semken	Female    	1993-09-15	(877) 7214576	DL-540922	PWE885	Sedan SUV Van Truck Hatchback	4
673	Reynard Gaish	Male      	1991-10-09	(479) 1248478	DL-261478	YTC240	Sedan SUV Van Truck Hatchback	17
674	Minna Roderighi	Female    	1991-10-24	(453) 4740056	DL-395277	ZCU690	Sedan SUV Van Truck Hatchback	46
675	Jdavie Houliston	Male      	1990-11-27	(911) 4332035	DL-853844	VUL732	Sedan SUV Van Truck Hatchback	8
676	Barnett Woller	Male      	1992-02-10	(336) 1491668	DL-851963	NUE758	Sedan SUV Van Truck Hatchback	32
677	Brook Millward	Male      	1997-12-11	(655) 1996060	DL-547196	HVL234	Sedan SUV Van Truck Hatchback	33
678	Shawn Mabbs	Male      	1988-09-30	(446) 2829916	DL-668104	SSB122	Sedan SUV Van Truck Hatchback	14
679	Klemens Gregoire	Male      	1991-01-11	(233) 1102048	DL-845312	QAQ626	Sedan SUV Van Truck Hatchback	20
680	Chauncey Drew-Clifton	Male      	1985-03-08	(615) 6832241	DL-195463	OKZ625	Sedan SUV Van Truck Hatchback	49
681	Noah Zukierman	Male      	2001-05-12	(348) 1980101	DL-610217	OFX278	Sedan SUV Van Truck Hatchback	31
682	Haven Dowsett	Male      	1995-12-24	(465) 2468825	DL-195127	XAE508	Sedan SUV Van Truck Hatchback	22
683	Walsh Kairns	Male      	1992-08-16	(337) 7755156	DL-702190	HHM210	Sedan SUV Van Truck Hatchback	22
684	Hobard Chopy	Male      	1989-08-01	(917) 1076443	DL-775350	TAM394	Sedan SUV Van Truck Hatchback	40
685	Drusie Balnave	Female    	1988-04-06	(774) 5513058	DL-795123	WKR422	Sedan SUV Van Truck Hatchback	43
686	Karney Abbati	Male      	1980-03-10	(212) 2683006	DL-219414	NHF941	Sedan SUV Van Truck Hatchback	43
687	Jerrold Hambleton	Male      	1995-07-30	(561) 3860253	DL-328056	FFW066	Sedan SUV Van Truck Hatchback	1
688	Alasteir Gleaves	Male      	1986-07-20	(808) 6737467	DL-757499	QHO869	Sedan SUV Van Truck Hatchback	26
689	Merv Pascoe	Male      	1983-02-10	(684) 8412723	DL-972005	NUH619	Sedan SUV Van Truck Hatchback	16
690	Selie McMichan	Female    	1980-05-01	(458) 5343276	DL-000742	WBZ040	Sedan SUV Van Truck Hatchback	40
691	Aggie Fahy	Female    	1995-11-22	(213) 2079417	DL-388134	MCE247	Sedan SUV Van Truck Hatchback	48
692	Moishe Amaya	Male      	1997-02-27	(357) 7985769	DL-467246	QIB520	Sedan SUV Van Truck Hatchback	10
693	Maren Glyssanne	Female    	1988-10-01	(435) 2015511	DL-273292	EAA161	Sedan SUV Van Truck Hatchback	24
694	Randolf Walisiak	Male      	2001-10-16	(211) 2057389	DL-287916	ONG111	Sedan SUV Van Truck Hatchback	47
695	Paula Degoix	Female    	1995-04-08	(941) 2021431	DL-705023	TNX836	Sedan SUV Van Truck Hatchback	24
696	Terri Margram	Female    	1995-10-30	(330) 7420726	DL-616792	THG696	Sedan SUV Van Truck Hatchback	48
697	Arvy Jenicek	Male      	2000-06-06	(758) 7120831	DL-968203	ZMJ816	Sedan SUV Van Truck Hatchback	15
698	Fina Fydo	Female    	1993-10-19	(952) 8525495	DL-687146	KUL414	Sedan SUV Van Truck Hatchback	18
699	Kevon Arkley	Male      	1997-06-23	(247) 3438682	DL-574199	KKZ142	Sedan SUV Van Truck Hatchback	45
700	Marylou Skett	Female    	2001-05-07	(513) 2746958	DL-245240	DSD461	Sedan SUV Van Truck Hatchback	44
701	Page Deakin	Female    	1981-04-12	(390) 7428987	DL-220923	UCC967	Sedan SUV Van Truck Hatchback	18
702	Kalle Guillain	Male      	1989-09-02	(540) 2904660	DL-504040	WDU548	Sedan SUV Van Truck Hatchback	26
703	Kylila Dudding	Female    	1998-06-04	(664) 3405934	DL-950085	LRQ152	Sedan SUV Van Truck Hatchback	42
704	Bradney Crawcour	Male      	2002-09-08	(231) 5343234	DL-792680	XMU151	Sedan SUV Van Truck Hatchback	45
705	Marshall Copnall	Male      	1994-05-29	(464) 4953902	DL-234104	FQL737	Sedan SUV Van Truck Hatchback	6
706	Timoteo Turnor	Male      	1992-03-01	(905) 8968518	DL-778901	LGS378	Sedan SUV Van Truck Hatchback	12
707	Beverie Huet	Female    	1982-08-07	(585) 4122524	DL-757910	IIN408	Sedan SUV Van Truck Hatchback	11
708	Alasdair Croux	Male      	1980-12-14	(372) 5232038	DL-212637	EXD094	Sedan SUV Van Truck Hatchback	31
709	Albina Wofenden	Female    	1980-09-02	(195) 4372644	DL-522174	AIE513	Sedan SUV Van Truck Hatchback	49
710	Thalia Vynoll	Female    	1980-11-17	(941) 3210076	DL-381737	FCU377	Sedan SUV Van Truck Hatchback	49
711	Julian Kepe	Male      	1989-05-01	(764) 4575857	DL-759689	ARE308	Sedan SUV Van Truck Hatchback	49
712	Salomo Carnier	Male      	1997-09-05	(187) 9018430	DL-870133	KPL301	Sedan SUV Van Truck Hatchback	6
713	Shawn Oxer	Female    	1981-02-10	(983) 8674174	DL-161337	NML574	Sedan SUV Van Truck Hatchback	18
714	Lonnie Bjerkan	Female    	1999-10-03	(653) 5146834	DL-313576	KXS195	Sedan SUV Van Truck Hatchback	33
715	Alfons Depke	Male      	2003-08-06	(745) 5830253	DL-067318	BFE297	Sedan SUV Van Truck Hatchback	37
716	Layne Mateus	Female    	1993-10-10	(168) 3631689	DL-361211	DGD089	Sedan SUV Van Truck Hatchback	9
717	Berny Quittonden	Female    	1985-04-18	(914) 3091023	DL-319656	TDX698	Sedan SUV Van Truck Hatchback	31
718	Dudley Quest	Male      	1998-12-03	(316) 6309703	DL-963347	WAU869	Sedan SUV Van Truck Hatchback	49
719	Marchall Widd	Male      	2000-11-22	(673) 5515374	DL-854135	PHL354	Sedan SUV Van Truck Hatchback	26
720	Spencer Slimm	Male      	1993-03-12	(121) 7448444	DL-324956	IXQ153	Sedan SUV Van Truck Hatchback	2
721	Lorilyn Rolfe	Female    	1992-05-16	(696) 8014822	DL-240667	TMM090	Sedan SUV Van Truck Hatchback	40
722	Luciano Priddis	Male      	2000-10-11	(208) 4848559	DL-450924	ZCS277	Sedan SUV Van Truck Hatchback	5
723	Noby Litster	Male      	1998-12-02	(618) 5449855	DL-967247	UZH905	Sedan SUV Van Truck Hatchback	36
724	Wrennie Toulamain	Female    	1991-04-05	(217) 5286787	DL-149764	LSN073	Sedan SUV Van Truck Hatchback	42
725	Asher Saunton	Male      	1989-03-16	(885) 7540628	DL-926681	CJR620	Sedan SUV Van Truck Hatchback	36
726	Megen Bonellie	Female    	1998-07-27	(584) 2771095	DL-519529	AFW911	Sedan SUV Van Truck Hatchback	12
727	Boyce Dirr	Male      	1994-06-09	(859) 6165864	DL-805315	ADG195	Sedan SUV Van Truck Hatchback	39
728	Kitti Kleinhaut	Female    	1984-04-01	(817) 2149423	DL-367175	WZG849	Sedan SUV Van Truck Hatchback	11
729	Cherri Kinsman	Female    	1987-10-31	(357) 2915218	DL-584874	HVZ400	Sedan SUV Van Truck Hatchback	35
730	Regina Baty	Female    	2002-09-20	(977) 9140143	DL-541576	EBA461	Sedan SUV Van Truck Hatchback	1
731	Constantino Covell	Male      	1991-06-05	(267) 3054167	DL-557596	GHV538	Sedan SUV Van Truck Hatchback	8
732	Gene Bradder	Female    	1994-11-26	(576) 4968142	DL-820806	WNY925	Sedan SUV Van Truck Hatchback	35
733	Goddard Firebrace	Male      	1980-08-10	(865) 9979930	DL-759092	HTX540	Sedan SUV Van Truck Hatchback	44
734	Cordey Cowey	Female    	1982-10-13	(735) 1783203	DL-634466	IXI907	Sedan SUV Van Truck Hatchback	22
735	Dickie Guichard	Male      	1984-05-14	(155) 8000648	DL-686458	HYA637	Sedan SUV Van Truck Hatchback	2
736	Conney Matijevic	Male      	1993-12-13	(543) 6238020	DL-205115	XJO522	Sedan SUV Van Truck Hatchback	12
737	Benyamin Gundrey	Male      	1996-03-12	(878) 6875917	DL-515212	ZIJ607	Sedan SUV Van Truck Hatchback	40
738	Sayres Koppel	Male      	1990-08-10	(425) 2036473	DL-937950	MVZ520	Sedan SUV Van Truck Hatchback	3
739	Christen Holbie	Female    	2001-05-01	(122) 2173046	DL-920321	HNO438	Sedan SUV Van Truck Hatchback	19
740	Gothart Youthead	Male      	1999-06-03	(949) 9058083	DL-269961	EPC080	Sedan SUV Van Truck Hatchback	14
741	Fionna Willgress	Female    	2001-12-02	(987) 7438582	DL-231360	PLV782	Sedan SUV Van Truck Hatchback	17
742	Tammara Buddleigh	Female    	1998-06-13	(813) 2614877	DL-969899	WJI658	Sedan SUV Van Truck Hatchback	35
743	Theressa Jewkes	Female    	1982-06-05	(475) 4782654	DL-930272	IKV124	Sedan SUV Van Truck Hatchback	41
744	Wright Standeven	Male      	1982-11-23	(997) 4051790	DL-429896	QUE144	Sedan SUV Van Truck Hatchback	28
745	Fidelity Dowda	Female    	1993-05-17	(772) 5784168	DL-171380	RSH508	Sedan SUV Van Truck Hatchback	20
746	Mil Monkton	Female    	1995-07-20	(145) 2411534	DL-322372	AOI996	Sedan SUV Van Truck Hatchback	26
747	Avigdor Seabright	Male      	1990-11-18	(239) 6978239	DL-954069	WNM846	Sedan SUV Van Truck Hatchback	49
748	Renado Wardlaw	Male      	1999-03-09	(834) 4419541	DL-849980	VMY560	Sedan SUV Van Truck Hatchback	14
749	Odo Reisenstein	Male      	1982-08-10	(242) 4745664	DL-125860	QNU318	Sedan SUV Van Truck Hatchback	6
750	Veronica Hardbattle	Female    	1996-04-22	(467) 8166935	DL-960297	EUW204	Sedan SUV Van Truck Hatchback	17
751	Felicity Plows	Female    	1987-03-21	(856) 7779544	DL-445003	DJH293	Sedan SUV Van Truck Hatchback	41
752	Beverlee Whittles	Female    	1993-02-21	(289) 3591864	DL-819623	CGY661	Sedan SUV Van Truck Hatchback	36
753	Correy Chitter	Male      	1984-06-29	(395) 9727328	DL-227967	IKG117	Sedan SUV Van Truck Hatchback	29
754	Matthus Rableau	Male      	2001-11-29	(742) 6689715	DL-586812	OOJ557	Sedan SUV Van Truck Hatchback	38
755	Malissa Relf	Female    	1996-06-23	(840) 2652233	DL-881282	YBC071	Sedan SUV Van Truck Hatchback	31
756	Nikki Deeney	Male      	1997-01-13	(459) 2512909	DL-620026	RDJ386	Sedan SUV Van Truck Hatchback	36
757	Loralee Chilcott	Female    	1985-10-16	(998) 9550836	DL-947561	QRV466	Sedan SUV Van Truck Hatchback	34
758	Nathaniel Gaudon	Male      	1983-03-24	(391) 4016076	DL-006077	YVW190	Sedan SUV Van Truck Hatchback	21
759	Meade Duddy	Male      	2001-03-21	(958) 5858332	DL-829325	RIX115	Sedan SUV Van Truck Hatchback	5
760	Inna Siman	Female    	1992-09-27	(579) 4951409	DL-672667	NWW186	Sedan SUV Van Truck Hatchback	46
761	Shep Muldoon	Male      	1986-01-19	(927) 4568200	DL-109989	OGT528	Sedan SUV Van Truck Hatchback	43
762	Ansel Papps	Male      	1984-08-21	(767) 4293626	DL-420133	ONK164	Sedan SUV Van Truck Hatchback	1
763	Arlie Penley	Female    	1992-08-29	(637) 3413323	DL-794270	CQB426	Sedan SUV Van Truck Hatchback	29
764	Porty Gildersleeve	Male      	1996-12-28	(252) 2675515	DL-349033	FVG993	Sedan SUV Van Truck Hatchback	48
765	Julio Vel	Male      	2001-02-28	(305) 1773338	DL-162816	WJH953	Sedan SUV Van Truck Hatchback	46
766	Jemie Poacher	Female    	1992-12-06	(285) 2127343	DL-391590	XKC059	Sedan SUV Van Truck Hatchback	7
767	Kayne Chennells	Male      	1996-05-02	(192) 7258973	DL-194318	DPE226	Sedan SUV Van Truck Hatchback	46
768	Currey Zanassi	Male      	1985-11-08	(264) 6073083	DL-104189	LPS214	Sedan SUV Van Truck Hatchback	47
769	Fin Tumioto	Male      	1987-03-10	(805) 8778833	DL-668415	HJC881	Sedan SUV Van Truck Hatchback	5
770	Jeramey Stonhouse	Male      	1981-06-15	(453) 9816217	DL-430663	DRO698	Sedan SUV Van Truck Hatchback	36
771	Gibby Colthard	Male      	1987-07-17	(829) 4421278	DL-137135	QAN778	Sedan SUV Van Truck Hatchback	45
772	Thorpe Szymanowicz	Male      	2002-04-30	(531) 6997932	DL-762669	HRF778	Sedan SUV Van Truck Hatchback	27
773	Eleni Alanbrooke	Female    	1997-07-08	(810) 3796915	DL-345383	VTY708	Sedan SUV Van Truck Hatchback	6
774	Marchelle Hatchette	Female    	1994-07-06	(724) 9148060	DL-321133	VQF207	Sedan SUV Van Truck Hatchback	48
775	Ardine McGing	Female    	1999-02-20	(210) 2817192	DL-450435	CDT367	Sedan SUV Van Truck Hatchback	7
776	Conant Gostall	Male      	1986-04-12	(728) 6560113	DL-897950	DGA672	Sedan SUV Van Truck Hatchback	22
777	Burg Crangle	Male      	1986-08-06	(197) 8325985	DL-951170	TYG747	Sedan SUV Van Truck Hatchback	17
778	Rickard Venables	Male      	1986-12-31	(258) 7130805	DL-072876	OIQ426	Sedan SUV Van Truck Hatchback	4
779	Lorenza Novis	Female    	1986-08-06	(919) 3995780	DL-181989	MKN375	Sedan SUV Van Truck Hatchback	1
780	Devan Gostling	Female    	1999-05-03	(209) 5855739	DL-016315	QPB694	Sedan SUV Van Truck Hatchback	20
781	Hyman Sommerly	Male      	1981-02-27	(145) 7972727	DL-153550	JEL368	Sedan SUV Van Truck Hatchback	8
782	West Joddens	Male      	2003-07-16	(374) 1378969	DL-494194	ZBS410	Sedan SUV Van Truck Hatchback	22
783	Cacilia Blanden	Female    	1996-01-31	(995) 3272449	DL-558820	GYO894	Sedan SUV Van Truck Hatchback	32
784	Flo Ollington	Female    	2001-06-26	(214) 4274395	DL-950836	OGQ799	Sedan SUV Van Truck Hatchback	28
785	Robyn Aleshkov	Female    	1991-01-28	(171) 1502877	DL-821607	KWI329	Sedan SUV Van Truck Hatchback	5
786	Holli McLanachan	Female    	1993-07-09	(212) 8625913	DL-464268	CYQ138	Sedan SUV Van Truck Hatchback	4
787	Orel Dwelley	Female    	1987-03-01	(919) 7376110	DL-041955	PBG142	Sedan SUV Van Truck Hatchback	5
788	Kelby Drinkwater	Male      	1999-11-26	(341) 3889982	DL-628135	HZT546	Sedan SUV Van Truck Hatchback	28
789	Elroy Huburn	Male      	1993-10-20	(957) 7958925	DL-879631	JFF720	Sedan SUV Van Truck Hatchback	36
790	Marilee Rome	Female    	1992-03-31	(325) 3173372	DL-376258	YRV518	Sedan SUV Van Truck Hatchback	47
791	Phoebe Ort	Female    	2003-07-25	(473) 7520558	DL-155917	HVO910	Sedan SUV Van Truck Hatchback	6
792	Nicky Beazleigh	Male      	1989-01-08	(914) 9076396	DL-028800	FNS377	Sedan SUV Van Truck Hatchback	31
793	Arther Lasseter	Male      	1981-04-16	(671) 7584950	DL-286948	PQZ123	Sedan SUV Van Truck Hatchback	41
794	Brandon Faughnan	Male      	1990-11-12	(405) 6816566	DL-156702	QGY214	Sedan SUV Van Truck Hatchback	24
795	Dot Osmond	Female    	1983-12-26	(218) 5910437	DL-387726	OWV094	Sedan SUV Van Truck Hatchback	46
796	Irwinn Delacroix	Male      	1988-11-27	(647) 1631531	DL-307099	ZZF154	Sedan SUV Van Truck Hatchback	19
797	Katuscha Lunnon	Female    	2000-11-13	(548) 2698558	DL-713263	PBK993	Sedan SUV Van Truck Hatchback	5
798	Maynard Arnefield	Male      	1994-02-25	(273) 1910120	DL-707370	MCC215	Sedan SUV Van Truck Hatchback	4
799	Gratia Reck	Female    	2003-12-24	(753) 2028355	DL-893187	ZVI045	Sedan SUV Van Truck Hatchback	8
800	Anna-diana McAllister	Female    	1994-12-03	(473) 9640925	DL-552915	GHP549	Sedan SUV Van Truck Hatchback	46
\.


--
-- Data for Name: employee; Type: TABLE DATA; Schema: public; Owner: postgres
--

COPY public.employee (employee_id, full_name, gender, "position", city_id, office_id, manager_id) FROM stdin;
244	Minor Vodden	Male      	Actuary	25	40	30
1	Joya Housbey	Female    	Quality Control Specialist	33	54	159
2	Orion Waterhous	Male      	Senior Financial Analyst	24	104	341
3	Amye Noad	Female    	Human Resources Manager	26	67	99
4	Bastian Antoszewski	Male      	Clinical Specialist	32	119	\N
5	Riccardo Roskruge	Male      	Nurse Practicioner	23	15	363
6	Hernando Hamblin	Male      	Electrical Engineer	24	82	251
7	Matilda Twine	Female    	Database Administrator I	39	50	127
8	Morley Roseaman	Male      	Geologist I	42	9	125
9	Crysta Veness	Female    	Cost Accountant	14	193	135
10	Blondie Winfrey	Female    	VP Quality Control	20	158	114
11	Moria Fissenden	Female    	Accountant I	31	111	24
12	Fritz Roswarne	Male      	Human Resources Manager	28	31	23
13	Goldy Jenken	Female    	Design Engineer	1	53	\N
14	Isobel Bowerbank	Female    	Pharmacist	10	19	178
15	Jean Minci	Male      	Operator	46	42	349
16	Ewart Budnik	Male      	Software Engineer IV	41	55	169
17	Wyatt Davidwitz	Male      	Senior Financial Analyst	34	196	277
18	Meier Gange	Male      	Teacher	1	151	181
19	Jarred Girt	Male      	Graphic Designer	6	126	55
20	Toddie Bromont	Male      	Tax Accountant	28	150	173
21	Ira Leversha	Female    	Clinical Specialist	48	103	351
22	Hanan Checchetelli	Male      	Graphic Designer	45	139	62
23	Jolene Lumsdon	Female    	Food Chemist	6	31	12
24	Dorri Boulden	Female    	Marketing Manager	5	111	11
25	Maurits Gorriessen	Male      	Systems Administrator IV	28	181	35
26	Ivan Durdy	Male      	Analyst Programmer	47	179	96
27	Annelise Segge	Female    	Sales Representative	45	4	391
28	Saunder Caney	Male      	Legal Assistant	29	74	\N
29	Chiarra Garland	Female    	Professor	25	48	82
30	Bradney Ledster	Male      	Operator	14	40	138
31	Sara Rowbrey	Female    	Electrical Engineer	4	37	302
32	Frank Dymocke	Female    	Assistant Professor	26	56	\N
33	Northrup Jenner	Male      	Statistician II	25	12	146
34	Packston Peyes	Male      	Cost Accountant	35	125	\N
35	Stormie Cisec	Female    	Electrical Engineer	27	181	25
36	Nicolis Jewers	Male      	Project Manager	38	113	77
37	Oralee Tenaunt	Female    	Nurse	30	117	71
38	Arlie Grangier	Female    	Human Resources Manager	45	185	75
39	Juliana Lyptrit	Female    	Software Consultant	6	161	40
40	Redd Hotchkin	Male      	Teacher	12	161	39
41	Dru Jennison	Male      	Systems Administrator III	22	13	84
42	Isador St. John	Male      	Business Systems Development Analyst	38	73	289
43	Thane Landal	Male      	Professor	29	45	353
44	Rockey Parnham	Male      	Nurse Practicioner	44	16	\N
45	Bridget Peret	Female    	Professor	40	89	102
46	Margarete Beushaw	Female    	Health Coach III	19	136	85
47	Broderic Kloster	Male      	Senior Financial Analyst	1	51	\N
48	Everard Bracey	Male      	Account Executive	34	76	100
49	Abram Loram	Male      	Speech Pathologist	43	189	339
50	Mile Rubberts	Male      	Compensation Analyst	47	171	376
51	Candie Giacubo	Female    	Biostatistician IV	14	198	80
52	Billye Mullineux	Female    	Registered Nurse	31	111	11
53	Melisa Novill	Female    	Nurse	16	116	214
54	Polly Phethean	Female    	Media Manager III	27	44	\N
55	Nessy Duckham	Female    	Civil Engineer	38	126	19
56	Alli Carvell	Female    	Research Nurse	10	36	174
57	Filip Ferson	Male      	Senior Editor	31	38	78
58	Dick Culley	Male      	Senior Cost Accountant	48	85	156
59	Stephani Karleman	Female    	Assistant Manager	44	33	335
60	Kalle Dran	Male      	Data Coordinator	2	124	150
61	Lesya Pinching	Female    	Nurse	38	47	\N
62	Jordanna Stonnell	Female    	Civil Engineer	46	139	22
63	Rickert Limer	Male      	Electrical Engineer	24	23	176
64	Shell Powe	Male      	Help Desk Operator	36	180	136
65	Stefan Thulborn	Male      	Web Designer IV	4	10	230
66	Lannie Eubank	Male      	Pharmacist	40	80	267
67	Gianna Wichard	Female    	Office Assistant II	46	176	87
68	Shena McCoy	Female    	Computer Systems Analyst I	42	35	200
69	Cherye Eastes	Female    	Chief Design Engineer	36	164	134
70	Lana Prescot	Female    	Developer I	21	14	101
71	Katleen Methven	Female    	VP Quality Control	15	117	37
72	Harriot Bruckner	Female    	Quality Engineer	18	7	262
73	Lorne Salvatore	Female    	Nurse	11	26	199
74	Jelene Whittles	Female    	Dental Hygienist	46	52	301
75	Jory Jervoise	Male      	Financial Advisor	8	185	38
76	Maurene Finlater	Female    	Systems Administrator I	29	169	165
77	Margaret Ferentz	Female    	Occupational Therapist	49	113	36
78	Maryann Brettelle	Female    	Administrative Officer	6	38	57
79	Brunhilde Halsall	Female    	Geological Engineer	37	105	314
80	Anderea McCutheon	Female    	Recruiting Manager	5	198	51
81	Austin Kidney	Female    	Geological Engineer	44	121	163
82	Chevy Ladlow	Male      	Project Manager	36	48	29
83	Briney Fleury	Female    	Paralegal	36	61	158
84	Audrye Georgius	Female    	Sales Representative	41	13	41
85	Rockie Oldale	Male      	Assistant Manager	10	136	46
86	Holt Kidd	Male      	Assistant Media Planner	3	131	\N
87	Kristos Leafe	Male      	Marketing Assistant	28	176	67
88	Brigham Rubenov	Male      	Nurse	41	167	149
89	Pat Smullin	Female    	Senior Quality Engineer	25	110	145
90	Rhetta Clay	Female    	Research Nurse	46	48	29
91	Debor Windybank	Female    	Software Test Engineer II	41	181	25
92	Roger McLean	Male      	Research Nurse	2	22	285
93	Maris Polly	Female    	Web Developer I	45	194	\N
94	Ricki Krolle	Female    	Community Outreach Specialist	12	187	\N
95	Corie Colthard	Female    	Chemical Engineer	21	60	286
96	Jacynth Serotsky	Female    	Safety Technician IV	14	179	26
97	Emelen Holdworth	Male      	Web Designer III	22	21	247
98	Lira Kuschel	Female    	Structural Engineer	11	111	11
99	Colby Swiffen	Male      	Biostatistician I	41	67	3
100	Mellisa Cavalier	Female    	Quality Engineer	32	76	48
101	Nanine Trew	Female    	Administrative Assistant IV	27	14	70
102	Cam Rappaport	Female    	Assistant Media Planner	29	89	45
103	Ash Alessandrucci	Male      	Web Designer I	35	153	137
104	Lynea Tivers	Female    	Internal Auditor	13	43	248
105	Sonja de Werk	Female    	Mechanical Systems Engineer	2	177	306
106	Franzen Heugel	Male      	Nurse Practicioner	38	92	\N
107	Griffie Behning	Male      	Professor	15	93	329
108	Erwin Beasleigh	Male      	Graphic Designer	3	161	39
109	Shelba Cordeix	Female    	Database Administrator I	33	198	51
110	Bridgette Matevushev	Female    	Environmental Tech	37	184	316
111	Micheil Spellard	Male      	Cost Accountant	10	32	\N
112	Powell Olczak	Male      	Information Systems Manager	10	181	25
113	Hyacinthe Spurgeon	Female    	Web Developer I	39	165	128
114	Valentijn Cawson	Male      	Editor	17	158	10
115	Erek Skakunas	Male      	Civil Engineer	30	68	117
116	Marjie Tschirschky	Female    	General Manager	29	113	36
117	Anna-diane Pundy	Female    	Computer Systems Analyst II	17	68	115
118	Tiphany Danielczyk	Female    	Marketing Assistant	6	159	210
119	Grant Cultcheth	Male      	Marketing Manager	46	107	120
120	Odo Eadington	Male      	Nurse	14	107	119
121	Elsinore Coxall	Female    	Electrical Engineer	3	89	45
122	Boote Astman	Male      	Executive Secretary	14	197	249
123	Beatrisa Thormann	Female    	Quality Control Specialist	39	152	352
124	Chance Loadwick	Male      	Human Resources Manager	36	100	337
125	Helenka McCaffrey	Female    	Compensation Analyst	46	9	8
126	Moselle Geere	Female    	Analog Circuit Design manager	1	63	142
127	Jehanna Tomlin	Female    	Account Executive	20	50	7
128	Alvin Habbeshaw	Male      	Accounting Assistant III	20	165	113
129	Drusilla Cotter	Female    	Human Resources Assistant II	2	133	208
130	Sophronia Sandison	Female    	Safety Technician IV	15	2	211
131	Irving Barten	Male      	Pharmacist	33	106	164
132	August Emloch	Male      	Software Engineer II	18	181	25
133	Shantee Ticksall	Female    	Editor	42	126	19
134	Inga Fifoot	Female    	Occupational Therapist	21	164	69
135	Kristofer Kitchingman	Male      	Physical Therapy Assistant	14	193	9
136	Murvyn Androlli	Male      	Account Coordinator	22	180	64
137	Saidee Chatan	Female    	Quality Control Specialist	40	153	103
138	Lorrayne Sellick	Female    	Human Resources Assistant III	41	40	30
139	Mauricio Waddoups	Male      	Community Outreach Specialist	11	5	\N
140	Melli Benting	Female    	VP Quality Control	26	68	115
141	Dorita McClune	Female    	Engineer III	44	126	19
142	Gualterio Dicker	Male      	Administrative Officer	8	63	126
143	Symon Lebel	Male      	Research Associate	38	96	\N
144	Halie Propper	Female    	Office Assistant III	9	155	398
145	Olympie Birk	Female    	Desktop Support Technician	23	110	89
146	Rhody Korneev	Female    	Registered Nurse	11	12	33
147	Gerta Glass	Female    	Legal Assistant	1	157	219
148	Anabel Laba	Female    	Web Designer IV	9	185	38
149	Harvey Palay	Male      	Operator	29	167	88
150	Belva Morican	Female    	Chemical Engineer	41	124	60
151	Dyanne Tunnock	Female    	Associate Professor	9	170	256
152	Cassy Bader	Female    	Budget/Accounting Analyst II	5	122	374
153	Sawyer Speere	Male      	Geological Engineer	25	181	25
154	Wright Hicken	Male      	Programmer Analyst III	44	6	\N
155	Maurise Laidlow	Female    	Biostatistician II	31	130	\N
156	Hugh Garfield	Male      	Sales Representative	4	85	58
157	Berte D'Souza	Female    	Occupational Therapist	19	138	\N
158	Blondelle Esposita	Female    	Automation Specialist II	13	61	83
159	Fairleigh Shutte	Male      	Actuary	7	54	1
160	Murdock Durek	Male      	Product Engineer	44	110	89
161	Dorie Nurse	Female    	Analog Circuit Design manager	36	124	60
162	Shayne Glading	Male      	Recruiting Manager	2	164	69
163	Kylie Toffoloni	Male      	Editor	45	121	81
164	Silvan Planks	Male      	Biostatistician IV	4	106	131
165	Decca Stango	Male      	Structural Engineer	24	169	76
166	Deena Headford	Female    	Budget/Accounting Analyst IV	12	179	26
167	Jermaine Layland	Female    	Senior Cost Accountant	3	190	366
168	Nanny Tooley	Female    	Account Representative IV	12	136	46
169	Brantley Richford	Male      	Account Coordinator	13	55	16
170	Marabel Scaddon	Female    	Research Assistant IV	39	195	328
171	Sheree Mounsey	Female    	Electrical Engineer	40	62	\N
172	Andres Lunt	Male      	Environmental Tech	33	127	305
173	Zorine Carff	Female    	Research Associate	28	150	20
174	Belia Yelden	Female    	Quality Engineer	4	36	56
175	Huntley Dassindale	Male      	Paralegal	3	66	\N
176	Clark Grieswood	Male      	Web Developer I	10	23	63
177	Stefano Van de Vlies	Male      	Systems Administrator I	42	68	115
178	Joela Twiddy	Female    	VP Accounting	19	19	14
179	Janel Vamplus	Female    	Cost Accountant	17	175	343
180	Danna Biernacki	Female    	Analyst Programmer	18	36	56
181	Alia Derkes	Female    	Software Consultant	5	151	18
182	Titus Sunner	Male      	Research Associate	19	27	271
183	Vonnie Gauch	Female    	Assistant Media Planner	5	13	41
184	Charmaine Pruvost	Female    	Marketing Assistant	16	200	296
185	Kellby D'Alesco	Male      	Quality Engineer	46	198	51
186	Mahala Brockherst	Female    	Marketing Manager	16	139	22
187	Marco Wise	Male      	Sales Representative	29	90	308
188	Bartholomeus Allard	Male      	Compensation Analyst	8	110	89
189	Bealle Glassard	Male      	Structural Analysis Engineer	5	192	\N
190	Sherri Screach	Female    	Desktop Support Technician	36	161	39
191	Shanna MacElholm	Female    	Electrical Engineer	26	38	57
192	Bob Durant	Male      	Statistician II	4	94	222
193	Cordi Hudd	Female    	Staff Accountant IV	25	20	257
194	Zena Linnitt	Female    	Nurse Practicioner	22	126	19
195	Clifford Jozwik	Male      	Paralegal	45	99	272
196	Dasie Phippard	Female    	Civil Engineer	11	68	115
197	Opaline Spellecy	Female    	Quality Engineer	6	101	260
198	Fidole Hair	Male      	Safety Technician III	45	143	318
199	Balduin Lea	Male      	Physical Therapy Assistant	17	26	73
200	Loleta Frances	Female    	VP Product Management	7	35	68
201	Karalee Doyley	Female    	Dental Hygienist	20	29	215
202	Glendon Ostridge	Male      	Marketing Assistant	21	141	207
203	Lindsay Sharvill	Female    	Chief Design Engineer	12	39	\N
204	Cullen Blankett	Male      	Food Chemist	37	118	\N
205	Celisse Shingler	Female    	Graphic Designer	32	121	81
206	Gaspar Shapcote	Male      	Safety Technician I	31	153	103
207	Kathleen Assiter	Female    	Payment Adjustment Coordinator	29	141	202
208	Paxon Novak	Male      	Assistant Manager	41	133	129
209	Gibbie Mishaw	Male      	Nurse Practicioner	2	55	16
210	Steffen Serridge	Male      	Safety Technician III	48	159	118
211	Salim Fairlem	Male      	Staff Scientist	47	2	130
212	Taite Snoxell	Male      	Software Engineer III	12	69	\N
213	Virgie Sharpus	Male      	Software Engineer III	35	81	224
214	Jobey McDade	Female    	Marketing Assistant	12	116	53
215	Emmalee Winger	Female    	Analyst Programmer	33	29	201
216	Anet Seamarke	Female    	Business Systems Development Analyst	35	144	315
217	Zacharias Cuncarr	Male      	Accounting Assistant IV	27	180	64
218	Eloise Jenyns	Female    	Health Coach III	34	164	69
219	Jeniece Mattholie	Female    	Engineer II	49	157	147
220	Garrot Kinch	Male      	Nuclear Power Engineer	46	164	69
221	Billie Steers	Male      	Senior Developer	37	147	252
222	Betti McKenna	Female    	Software Test Engineer I	25	94	192
223	Clem Flarity	Female    	Research Assistant II	7	102	\N
224	Shir Burbage	Female    	Geologist II	22	81	213
225	Rudolph McTrustey	Male      	Executive Secretary	14	25	\N
226	Alexis Ditchett	Female    	Associate Professor	32	116	53
227	Vanya Collingdon	Male      	Human Resources Assistant III	13	111	11
228	Matthus Hamper	Male      	Chief Design Engineer	21	31	12
229	Siegfried Reynalds	Male      	Clinical Specialist	13	139	22
230	Yanaton But	Male      	Technical Writer	13	10	65
231	Inna Rubin	Female    	Project Manager	16	149	259
232	Adah Shacklady	Female    	Design Engineer	22	41	263
233	Sianna Stanbury	Female    	Senior Quality Engineer	31	81	213
234	Jo Ferraraccio	Male      	Research Associate	45	151	18
235	Federico Ferrierio	Male      	Account Coordinator	43	91	264
236	Stanleigh Taylorson	Male      	Statistician I	1	168	\N
237	Ashli Poltun	Female    	Environmental Tech	47	106	131
238	Kala Sexti	Female    	Staff Accountant IV	29	68	115
239	Arabelle Knappe	Female    	Office Assistant II	30	88	330
240	Rolph Kilcoyne	Male      	Structural Engineer	13	14	70
241	Fifi Minichillo	Female    	Electrical Engineer	48	8	\N
242	Felisha Crossland	Female    	Operator	13	135	\N
243	Gib Wanek	Male      	Programmer I	44	36	56
245	Mike Infante	Male      	Compensation Analyst	40	79	\N
246	Rex Choudhury	Male      	Assistant Professor	3	137	\N
247	Courtney Musker	Male      	Help Desk Operator	36	21	97
248	Lucho Chesterton	Male      	VP Accounting	3	43	104
249	Sander Endrighi	Male      	Analog Circuit Design manager	43	197	122
250	Bette Gentric	Female    	Web Developer I	7	98	358
251	Charmain Bachelar	Female    	Developer II	2	82	6
252	Saw Moller	Male      	Tax Accountant	14	147	221
253	Esteban Cufley	Male      	Information Systems Manager	17	161	39
254	Mychal Bolver	Male      	VP Product Management	28	178	371
255	Andree Clutheram	Female    	Environmental Specialist	20	11	\N
256	Kristi Schonfeld	Female    	Tax Accountant	27	170	151
257	Lee Wisby	Female    	Biostatistician III	43	20	193
258	Sigvard McSorley	Male      	Marketing Assistant	46	10	65
259	Lorenzo Vecard	Male      	Database Administrator III	5	149	231
260	Ginnifer Cobby	Female    	Biostatistician III	29	101	197
261	Mitchael Ephson	Male      	Dental Hygienist	21	76	48
262	Angeline Hugues	Female    	Financial Analyst	40	7	72
263	Cleon Sivil	Male      	Research Associate	11	41	232
264	Buckie Gabbot	Male      	Senior Quality Engineer	25	91	235
265	Nathanael Thornewell	Male      	Automation Specialist II	3	112	\N
266	Mick Oneal	Male      	Sales Representative	35	166	270
267	Sibeal Mabb	Female    	Database Administrator II	12	80	66
268	Bari Bignold	Female    	Compensation Analyst	29	94	192
269	Deb Rechert	Female    	Database Administrator IV	1	145	\N
270	Travers Lawleff	Male      	Chemical Engineer	1	166	266
271	Caralie Seifenmacher	Female    	VP Marketing	19	27	182
272	Marieann Titherington	Female    	Director of Sales	3	99	195
273	Correy Kirkby	Female    	VP Product Management	6	40	30
274	Eleen Dark	Female    	Systems Administrator IV	10	120	\N
275	Nikolaos Osmund	Male      	Electrical Engineer	24	185	38
276	Derwin Rosenbloom	Male      	Business Systems Development Analyst	48	172	\N
277	Staci Cremin	Female    	Business Systems Development Analyst	45	196	17
278	Flory Walles	Male      	Assistant Professor	30	140	\N
279	Cleveland Fyldes	Male      	Structural Engineer	10	14	70
280	Cyril Clothier	Male      	Data Coordinator	20	191	\N
281	Danyelle Cissell	Female    	Assistant Professor	11	24	\N
282	Vincents Ridgeway	Male      	Web Designer III	13	179	26
283	Ephrayim Lintott	Male      	Internal Auditor	46	3	400
284	Eloise O'Connel	Female    	Teacher	10	153	103
285	Wilton Baraja	Male      	GIS Technical Architect	44	22	92
286	Yehudi Beine	Male      	Teacher	14	60	95
287	Paul Lovegrove	Male      	Design Engineer	17	85	58
288	Serge Bryde	Male      	VP Quality Control	43	87	\N
289	Allistir Anster	Male      	Speech Pathologist	42	73	42
290	Cherie Totaro	Female    	Engineer III	19	35	68
291	Felisha Gulc	Female    	Chief Design Engineer	45	76	48
292	Sherrie Fincher	Female    	Web Developer III	36	14	70
293	Vincents Dowling	Male      	Mechanical Systems Engineer	44	110	89
294	Else Simao	Female    	Operator	9	128	307
295	Darryl Folli	Male      	GIS Technical Architect	18	181	25
296	Donaugh Larwood	Male      	Chief Design Engineer	30	200	184
297	Lainey Emmanueli	Female    	Systems Administrator II	3	159	118
298	Abbie Elacoate	Female    	Librarian	15	153	103
299	Joyann Cartmail	Female    	Financial Advisor	24	198	51
300	Laurence Ebbitt	Male      	Developer I	26	139	22
301	Oralle Zanini	Female    	Nurse	7	52	74
302	Cati Quillinane	Female    	Information Systems Manager	3	37	31
303	Elwood Althrope	Male      	Editor	16	123	394
304	Robinet Maestro	Male      	General Manager	43	41	232
305	Lurlene Dulson	Female    	Recruiter	40	127	172
306	Brnaba Acom	Male      	Editor	21	177	105
307	Margy Linay	Female    	Software Consultant	20	128	294
308	Paige Brister	Female    	Administrative Assistant I	49	90	187
309	Liana Bromont	Female    	Sales Associate	5	134	333
310	Carline Nuzzti	Female    	VP Product Management	2	142	348
311	Darcee Finessy	Female    	Financial Advisor	24	161	39
312	Lemmy Gianinotti	Male      	Financial Advisor	17	84	\N
313	Iggie Pennells	Male      	Community Outreach Specialist	30	91	235
314	Anatollo Vance	Male      	Senior Editor	25	105	79
315	Rosemary Birt	Female    	Analyst Programmer	34	144	216
316	Nealson Beare	Male      	Senior Editor	3	184	110
317	Andi Parram	Female    	GIS Technical Architect	36	180	64
318	Ibbie Klimov	Female    	Physical Therapy Assistant	37	143	198
319	Michael O'Lehane	Male      	Geologist IV	6	90	187
320	Alric Pittoli	Male      	Junior Executive	38	185	38
321	Ruthann Gothard	Female    	Developer I	47	48	29
322	Margarete MacAulay	Female    	Dental Hygienist	34	132	\N
323	Sybyl Hunnicot	Female    	Legal Assistant	46	99	195
324	Stacy McDonough	Female    	Financial Advisor	45	146	\N
325	Eli Lilleycrop	Male      	Sales Associate	29	144	216
326	Merv McGenn	Male      	Marketing Assistant	31	72	\N
327	Yuri Vischi	Male      	Director of Sales	40	10	65
328	Kevyn Westwater	Female    	Payment Adjustment Coordinator	42	195	170
329	Tanya Charle	Female    	Structural Engineer	35	93	107
330	Etti Henrique	Female    	Junior Executive	23	88	239
331	Dav Barton	Male      	Developer III	2	198	51
332	Beatriz Ridges	Female    	Administrative Assistant II	20	184	110
333	Goddard McShee	Male      	Senior Sales Associate	15	134	309
334	Colene Cotman	Female    	Associate Professor	26	93	107
335	Cherianne Kiehl	Female    	Business Systems Development Analyst	21	33	59
336	Loise Thacker	Female    	Developer III	44	196	17
337	Pamela Vasyatkin	Female    	Actuary	21	100	124
338	Orton Parsley	Male      	Associate Professor	37	149	231
339	Konstantin Kiera	Male      	Director of Sales	39	189	49
340	Bucky Cotgrove	Male      	Mechanical Systems Engineer	40	116	53
341	Sylas Bonhomme	Male      	Cost Accountant	49	104	2
342	Townie Yellep	Male      	Director of Sales	5	147	221
343	Sam Ross	Female    	Analog Circuit Design manager	43	175	179
344	Simonette Dewhurst	Female    	Dental Hygienist	36	67	3
345	Susi Robardley	Female    	Help Desk Operator	19	184	110
346	Alina Bartolozzi	Female    	Quality Control Specialist	17	46	\N
347	Daphna Mc Caghan	Female    	Compensation Analyst	3	156	\N
348	Mirella Langfield	Female    	VP Sales	24	142	310
349	Myrtle Lightbody	Female    	Legal Assistant	4	42	15
350	Abbot Bettleson	Male      	Dental Hygienist	12	175	179
351	Doro Ferro	Female    	Health Coach III	43	103	21
352	Fielding Challis	Male      	Associate Professor	17	152	123
353	Amata Assel	Female    	Programmer Analyst IV	35	45	43
354	Elisabeth Billows	Female    	Assistant Professor	47	129	\N
355	Dimitry Petrello	Male      	Marketing Assistant	33	100	124
356	Lara Brader	Female    	Quality Control Specialist	27	142	310
357	Aldrich Ferrandez	Male      	Social Worker	27	166	266
358	Marc Clements	Male      	Safety Technician II	42	98	250
359	Adham Mynett	Male      	Account Executive	41	163	\N
360	Tan Yantsev	Male      	Social Worker	22	58	\N
361	Errol Ormshaw	Male      	Chief Design Engineer	4	115	\N
362	Joel Hicken	Male      	Analyst Programmer	37	199	\N
363	Adair Shelly	Male      	Administrative Assistant III	46	15	5
364	Edouard Ivashintsov	Male      	Teacher	49	41	232
365	Martelle Longthorn	Female    	Registered Nurse	22	71	\N
366	Alejandro Etchells	Male      	GIS Technical Architect	47	190	167
367	Townie Bolin	Male      	Developer II	46	23	63
368	Malina Gricks	Female    	Environmental Specialist	22	169	76
369	Bettine Trethewey	Female    	Staff Accountant II	5	18	\N
370	Korney Janodet	Female    	Human Resources Assistant I	33	200	184
371	Baily Alpin	Male      	Electrical Engineer	47	178	254
372	Pavia Trymme	Female    	Dental Hygienist	36	91	235
373	Javier Blowing	Male      	Chemical Engineer	43	29	201
374	Worthy Atchly	Male      	Marketing Assistant	4	122	152
375	Jamaal Butters	Male      	Database Administrator IV	27	33	59
376	Mikael Cortin	Male      	Tax Accountant	13	171	50
377	Karna Klausen	Female    	VP Marketing	10	67	3
378	Arlen Dietsche	Male      	Social Worker	5	76	48
379	Mareah Yerborn	Female    	Compensation Analyst	23	99	195
380	Selia Trodd	Female    	Database Administrator III	23	22	92
381	Dewey Cumbes	Male      	Graphic Designer	9	150	20
382	Francisco Tremblett	Male      	Systems Administrator II	12	93	107
383	Ivar Janoschek	Male      	Community Outreach Specialist	17	114	\N
384	Olivia Gruszecki	Female    	Graphic Designer	35	144	216
385	Kandace de Grey	Female    	Programmer Analyst IV	12	171	50
386	Kaja Cleminson	Female    	Nurse	24	88	239
387	Arney Jozwik	Male      	Actuary	24	80	66
388	Leandra Birchett	Female    	Community Outreach Specialist	38	38	57
389	Hyman Crandon	Male      	Safety Technician IV	6	90	187
390	Stevena Gebbie	Female    	Actuary	32	180	64
391	Karoline Youens	Female    	Senior Developer	28	4	27
392	Duncan Kondratenko	Male      	Civil Engineer	40	110	89
393	Durant Edwardson	Male      	Food Chemist	41	65	\N
394	Hillary Martignoni	Male      	Software Test Engineer I	44	123	303
395	Titus Pogg	Male      	Financial Advisor	22	43	104
396	Demetrius Dishman	Male      	Assistant Media Planner	7	91	235
397	Frankie Nassy	Female    	Database Administrator III	14	196	17
398	Danya Slarke	Male      	Information Systems Manager	2	155	144
399	Rocky Hillatt	Male      	Software Test Engineer II	14	157	147
400	Padraig Sowersby	Male      	Geologist III	37	3	283
\.


--
-- Data for Name: payment_method; Type: TABLE DATA; Schema: public; Owner: postgres
--

COPY public.payment_method (payment_method_id, method_name) FROM stdin;
1	Cash
2	credit card
3	digital wallets
\.


--
-- Data for Name: rating; Type: TABLE DATA; Schema: public; Owner: postgres
--

COPY public.rating (rating_id, score, comment, ride_id) FROM stdin;
1	3	\N	130
2	1	\N	892
3	3	\N	311
4	4	\N	723
5	4	\N	1
7	3	\N	710
8	3	\N	918
9	4	\N	814
10	2	\N	453
11	3	\N	968
12	5	\N	361
13	4	\N	888
14	2	\N	773
15	4	\N	484
16	4	\N	440
17	2	\N	82
18	4	\N	723
20	1	\N	592
21	1	\N	286
22	3	\N	316
23	2	\N	544
24	2	\N	610
25	3	\N	749
26	4	\N	290
27	4	\N	606
28	4	\N	945
29	2	\N	76
30	3	\N	921
31	2	\N	984
32	2	\N	421
33	2	\N	672
34	5	\N	560
35	5	\N	392
36	4	\N	23
37	4	\N	66
39	4	\N	197
40	4	\N	328
41	2	\N	998
42	3	\N	674
43	2	\N	594
44	3	\N	679
45	3	\N	305
46	5	\N	65
47	1	\N	743
48	1	\N	843
49	2	\N	162
50	3	\N	878
51	3	\N	276
52	4	\N	755
54	2	\N	38
55	2	\N	178
56	4	\N	837
57	5	\N	107
58	3	\N	178
59	2	\N	898
60	4	\N	647
61	5	\N	914
62	2	\N	659
63	4	\N	845
64	3	\N	296
65	2	\N	455
66	3	\N	498
67	3	\N	117
68	5	\N	230
69	2	\N	838
70	4	\N	664
71	3	\N	237
72	2	\N	855
73	2	\N	141
74	3	\N	872
75	3	\N	151
76	2	\N	575
78	2	\N	26
79	1	\N	661
80	2	\N	611
81	3	\N	938
82	4	\N	820
83	1	\N	823
84	3	\N	100
85	4	\N	814
86	4	\N	239
87	2	\N	198
88	4	\N	994
89	5	\N	358
90	2	\N	140
91	3	\N	870
92	3	\N	114
93	5	\N	809
94	2	\N	534
95	2	\N	294
96	5	\N	516
97	1	\N	56
98	2	\N	580
99	1	\N	591
100	3	\N	403
102	3	\N	87
103	5	\N	592
104	3	\N	953
105	1	\N	946
106	5	\N	355
107	1	\N	293
108	2	\N	3
109	3	\N	975
110	1	\N	860
111	3	\N	934
112	3	\N	31
113	4	\N	154
114	2	\N	535
115	3	\N	729
117	3	\N	780
118	5	\N	866
119	4	\N	545
120	5	\N	826
121	3	\N	170
122	4	\N	669
123	5	\N	279
124	3	\N	836
125	3	\N	500
126	1	\N	684
127	2	\N	809
128	2	\N	668
129	4	\N	837
131	2	\N	626
132	2	\N	555
133	3	\N	200
134	3	\N	704
135	5	\N	240
136	2	\N	108
137	2	\N	812
138	4	\N	388
139	3	\N	139
140	2	\N	902
141	4	\N	487
143	3	\N	245
144	2	\N	608
145	3	\N	909
146	3	\N	832
147	5	\N	417
148	3	\N	422
149	4	\N	64
150	4	\N	516
151	3	\N	428
152	2	\N	319
153	3	\N	157
155	4	\N	727
156	4	\N	655
157	3	\N	638
158	4	\N	881
159	4	\N	48
160	5	\N	499
161	1	\N	888
162	5	\N	392
163	3	\N	286
164	4	\N	901
165	3	\N	137
166	2	\N	972
167	2	\N	532
168	2	\N	344
169	4	\N	78
170	5	\N	37
171	3	\N	200
172	2	\N	529
173	3	\N	66
174	4	\N	101
175	3	\N	993
176	2	\N	826
177	4	\N	56
178	3	\N	118
179	4	\N	468
180	3	\N	289
181	3	\N	879
182	1	\N	507
183	3	\N	124
184	1	\N	937
185	1	\N	64
186	2	\N	469
187	2	\N	143
188	3	\N	483
189	1	\N	943
190	4	\N	957
191	2	\N	209
192	4	\N	901
193	2	\N	857
194	2	\N	921
195	3	\N	821
196	2	\N	541
197	3	\N	179
198	3	\N	911
199	3	\N	712
201	3	\N	164
202	4	\N	56
203	1	\N	819
205	3	\N	858
206	2	\N	274
207	4	\N	775
208	3	\N	982
209	5	\N	399
210	4	\N	364
211	4	\N	610
212	4	\N	608
213	3	\N	798
214	5	\N	146
215	5	\N	918
216	4	\N	618
217	4	\N	5
218	5	\N	366
219	3	\N	913
220	2	\N	344
221	3	\N	628
222	2	\N	282
225	5	\N	413
226	4	\N	740
227	3	\N	58
228	5	\N	403
229	2	\N	173
230	3	\N	730
231	1	\N	114
233	1	\N	819
234	3	\N	880
235	5	\N	132
236	1	\N	309
237	2	\N	595
238	1	\N	708
239	4	\N	965
240	2	\N	888
241	5	\N	194
243	2	\N	381
244	2	\N	916
245	1	\N	798
246	4	\N	967
247	5	\N	571
248	5	\N	849
249	1	\N	586
250	3	\N	454
251	3	\N	718
252	3	\N	16
254	2	\N	324
255	5	\N	518
256	5	\N	487
257	1	\N	695
258	3	\N	159
259	2	\N	137
260	2	\N	537
261	4	\N	408
262	3	\N	932
263	3	\N	748
264	3	\N	345
265	4	\N	335
266	4	\N	811
267	1	\N	300
268	4	\N	498
270	3	\N	86
271	1	\N	111
272	4	\N	273
273	4	\N	482
274	4	\N	940
275	2	\N	339
276	4	\N	348
277	3	\N	330
278	1	\N	509
279	2	\N	919
280	4	\N	606
281	2	\N	127
282	3	\N	888
283	2	\N	122
284	3	\N	578
285	2	\N	918
286	2	\N	701
287	4	\N	999
288	2	\N	307
289	4	\N	475
290	2	\N	85
292	2	\N	212
293	5	\N	975
294	1	\N	583
295	4	\N	689
296	3	\N	509
297	4	\N	908
298	2	\N	73
299	3	\N	479
300	3	\N	550
301	3	\N	458
302	2	\N	739
303	2	\N	785
304	4	\N	553
305	2	\N	753
306	3	\N	752
307	4	\N	988
308	3	\N	476
309	4	\N	138
310	4	\N	352
311	3	\N	336
312	3	\N	952
314	4	\N	580
315	4	\N	715
316	2	\N	584
317	3	\N	373
318	5	\N	677
319	4	\N	572
320	4	\N	387
321	2	\N	61
322	3	\N	605
323	1	\N	241
324	2	\N	860
325	4	\N	812
326	5	\N	362
327	3	\N	891
329	5	\N	403
330	4	\N	524
331	3	\N	809
332	2	\N	869
333	2	\N	352
334	5	\N	759
335	4	\N	480
336	2	\N	416
338	2	\N	787
339	3	\N	351
340	5	\N	168
341	4	\N	747
342	4	\N	779
343	5	\N	872
344	2	\N	150
345	1	\N	124
346	2	\N	121
348	4	\N	806
350	5	\N	392
351	2	\N	720
352	1	\N	395
353	4	\N	66
354	3	\N	52
355	2	\N	856
356	2	\N	852
357	3	\N	965
358	4	\N	359
359	3	\N	430
360	4	\N	709
361	3	\N	488
362	5	\N	937
363	4	\N	854
364	2	\N	711
365	5	\N	702
366	4	\N	755
367	3	\N	680
368	2	\N	172
369	1	\N	945
370	3	\N	776
371	2	\N	118
372	2	\N	532
374	2	\N	762
375	2	\N	809
376	5	\N	642
377	2	\N	166
378	3	\N	871
379	2	\N	133
380	4	\N	424
381	5	\N	33
382	4	\N	893
383	3	\N	166
384	5	\N	61
385	2	\N	203
386	3	\N	840
388	1	\N	994
389	4	\N	407
390	2	\N	25
392	2	\N	918
393	4	\N	787
394	4	\N	32
395	4	\N	974
396	2	\N	6
398	2	\N	373
399	3	\N	937
400	5	\N	910
401	4	\N	89
402	3	\N	975
403	2	\N	936
404	2	\N	249
405	5	\N	578
406	2	\N	223
407	5	\N	628
408	2	\N	367
409	3	\N	724
410	2	\N	316
411	2	\N	320
412	4	\N	457
413	1	\N	578
414	2	\N	108
416	1	\N	705
417	2	\N	34
418	4	\N	32
419	3	\N	422
420	2	\N	420
421	2	\N	727
422	2	\N	850
424	5	\N	516
425	4	\N	760
426	3	\N	765
427	4	\N	608
428	2	\N	918
429	2	\N	410
430	4	\N	313
431	1	\N	342
432	4	\N	868
433	1	\N	177
434	3	\N	155
435	1	\N	858
436	3	\N	580
438	2	\N	477
439	4	\N	500
440	2	\N	143
441	3	\N	135
442	5	\N	591
443	3	\N	864
444	4	\N	995
445	4	\N	288
446	1	\N	875
447	3	\N	513
448	3	\N	2
450	5	\N	822
451	4	\N	357
452	4	\N	731
453	3	\N	719
454	2	\N	177
455	3	\N	67
456	2	\N	444
457	2	\N	861
459	2	\N	932
460	1	\N	540
461	2	\N	548
462	5	\N	167
463	4	\N	422
464	3	\N	544
466	2	\N	22
467	3	\N	277
468	5	\N	905
469	3	\N	836
470	2	\N	285
471	5	\N	420
472	1	\N	667
473	2	\N	266
474	3	\N	920
475	3	\N	206
476	3	\N	223
477	4	\N	516
478	3	\N	459
479	2	\N	340
480	3	\N	501
482	1	\N	621
483	5	\N	684
484	4	\N	661
485	1	\N	197
486	3	\N	263
487	3	\N	737
488	4	\N	325
489	4	\N	340
490	5	\N	743
491	2	\N	528
492	3	\N	31
493	3	\N	133
495	4	\N	138
496	2	\N	692
497	2	\N	906
498	3	\N	230
499	4	\N	891
500	2	\N	117
501	4	\N	25
502	3	\N	732
503	4	\N	503
504	3	\N	456
505	3	\N	681
506	1	\N	740
507	2	\N	25
508	5	\N	475
509	3	\N	930
510	3	\N	177
511	2	\N	987
512	2	\N	590
513	3	\N	83
514	4	\N	999
515	4	\N	476
516	5	\N	599
518	3	\N	466
519	3	\N	794
520	4	\N	329
521	3	\N	917
522	3	\N	727
523	2	\N	488
524	2	\N	804
525	3	\N	767
526	4	\N	552
527	3	\N	262
528	3	\N	757
529	2	\N	869
530	3	\N	597
531	5	\N	858
532	3	\N	430
533	2	\N	574
534	3	\N	378
536	3	\N	84
537	1	\N	361
538	3	\N	947
539	3	\N	570
540	4	\N	136
541	3	\N	159
542	2	\N	959
543	1	\N	872
544	5	\N	38
545	5	\N	303
546	5	\N	230
548	1	\N	122
549	2	\N	117
550	5	\N	95
551	2	\N	555
552	3	\N	521
553	2	\N	757
555	4	\N	61
556	1	\N	404
557	2	\N	300
558	3	\N	536
559	2	\N	7
560	2	\N	381
561	4	\N	945
562	5	\N	755
564	2	\N	80
565	3	\N	72
566	1	\N	640
567	2	\N	308
568	4	\N	695
569	4	\N	661
570	4	\N	749
571	3	\N	462
572	3	\N	605
573	5	\N	618
574	1	\N	74
575	2	\N	872
576	5	\N	774
577	1	\N	806
578	2	\N	774
579	2	\N	605
580	3	\N	324
581	4	\N	413
582	2	\N	907
583	4	\N	934
584	5	\N	48
585	1	\N	922
586	3	\N	493
587	4	\N	924
589	3	\N	443
590	2	\N	792
593	4	\N	819
594	2	\N	77
595	4	\N	48
596	2	\N	468
597	3	\N	188
598	2	\N	753
599	1	\N	796
600	3	\N	482
601	2	\N	957
602	3	\N	73
603	4	\N	751
604	2	\N	470
605	2	\N	651
606	2	\N	229
607	3	\N	309
608	2	\N	853
609	3	\N	74
610	4	\N	299
611	3	\N	567
612	3	\N	404
613	3	\N	794
614	1	\N	164
615	3	\N	736
616	5	\N	517
617	1	\N	488
618	3	\N	618
619	5	\N	461
620	2	\N	356
621	4	\N	498
622	4	\N	319
623	4	\N	6
624	5	\N	433
625	3	\N	448
626	1	\N	293
627	1	\N	263
628	3	\N	574
629	3	\N	223
630	4	\N	842
632	1	\N	602
633	1	\N	434
634	2	\N	748
635	2	\N	258
636	3	\N	750
637	3	\N	97
638	2	\N	57
639	2	\N	70
640	1	\N	344
641	4	\N	676
642	3	\N	887
643	4	\N	258
644	4	\N	75
645	2	\N	391
646	1	\N	14
647	2	\N	768
648	3	\N	279
649	4	\N	678
650	2	\N	713
651	4	\N	433
653	2	\N	753
654	4	\N	831
655	2	\N	737
656	2	\N	933
657	4	\N	918
658	4	\N	415
659	4	\N	211
660	4	\N	68
661	3	\N	249
662	2	\N	862
663	4	\N	243
664	2	\N	39
665	2	\N	375
666	4	\N	329
667	5	\N	405
668	3	\N	2
669	4	\N	686
670	5	\N	496
671	5	\N	92
672	5	\N	777
673	2	\N	124
674	2	\N	513
675	2	\N	886
676	1	\N	676
677	5	\N	61
678	3	\N	431
679	3	\N	797
680	3	\N	392
681	2	\N	794
682	3	\N	888
683	2	\N	60
684	2	\N	641
685	1	\N	720
686	4	\N	409
687	4	\N	840
688	3	\N	529
690	1	\N	541
691	3	\N	22
692	2	\N	45
693	2	\N	770
694	3	\N	587
695	2	\N	592
696	2	\N	826
697	2	\N	98
698	1	\N	457
699	1	\N	241
700	1	\N	513
701	2	\N	189
702	2	\N	236
703	2	\N	513
704	2	\N	340
705	4	\N	292
706	3	\N	790
707	2	\N	319
708	4	\N	402
709	5	\N	681
711	3	\N	693
712	4	\N	204
713	2	\N	201
714	3	\N	30
715	2	\N	915
716	4	\N	682
717	5	\N	832
718	2	\N	866
719	3	\N	506
720	2	\N	808
721	3	\N	614
722	3	\N	344
723	2	\N	55
724	3	\N	641
725	2	\N	707
726	5	\N	607
727	2	\N	839
729	4	\N	976
730	4	\N	349
731	3	\N	523
733	3	\N	484
734	5	\N	190
735	3	\N	428
736	5	\N	794
737	1	\N	767
738	5	\N	876
740	1	\N	207
741	3	\N	715
742	1	\N	954
743	3	\N	875
744	4	\N	280
745	2	\N	410
746	4	\N	293
747	2	\N	524
748	4	\N	793
750	2	\N	643
751	2	\N	476
752	4	\N	974
753	3	\N	276
754	4	\N	264
755	5	\N	8
756	3	\N	588
757	5	\N	512
758	4	\N	767
759	2	\N	587
760	2	\N	156
761	3	\N	274
762	5	\N	914
763	1	\N	505
764	4	\N	979
765	3	\N	446
766	4	\N	219
767	2	\N	961
768	2	\N	468
769	4	\N	122
770	5	\N	511
771	2	\N	385
772	3	\N	968
773	2	\N	65
774	5	\N	131
775	3	\N	906
776	4	\N	890
777	5	\N	769
778	3	\N	315
779	3	\N	270
780	3	\N	131
781	2	\N	775
782	2	\N	355
783	3	\N	423
784	2	\N	253
785	3	\N	691
786	3	\N	938
787	1	\N	761
788	3	\N	139
789	4	\N	689
790	1	\N	972
792	3	\N	26
793	4	\N	108
794	2	\N	590
795	2	\N	884
796	3	\N	215
797	1	\N	850
798	3	\N	972
799	2	\N	539
800	5	\N	457
801	4	\N	12
802	5	\N	633
803	2	\N	541
804	4	\N	591
805	3	\N	19
806	3	\N	955
807	1	\N	972
808	2	\N	500
809	3	\N	37
810	3	\N	543
811	2	\N	180
813	3	\N	906
814	3	\N	146
815	3	\N	223
816	4	\N	364
817	3	\N	914
818	4	\N	743
819	3	\N	361
820	3	\N	999
821	3	\N	430
822	4	\N	675
823	2	\N	249
824	5	\N	678
826	4	\N	705
827	4	\N	978
828	2	\N	953
829	3	\N	381
830	2	\N	356
831	4	\N	427
832	3	\N	964
833	4	\N	634
834	3	\N	412
835	1	\N	339
836	3	\N	886
837	4	\N	540
838	2	\N	282
839	1	\N	730
840	4	\N	191
841	3	\N	455
842	2	\N	439
843	2	\N	85
844	3	\N	281
845	4	\N	710
846	2	\N	696
848	5	\N	803
850	1	\N	663
851	2	\N	120
852	3	\N	194
853	3	\N	907
854	2	\N	370
855	3	\N	793
856	2	\N	139
857	3	\N	791
858	2	\N	432
859	1	\N	499
860	2	\N	316
861	4	\N	893
862	3	\N	587
864	3	\N	750
865	3	\N	751
866	4	\N	778
868	4	\N	336
869	1	\N	126
870	5	\N	808
871	4	\N	453
872	2	\N	543
873	3	\N	226
874	3	\N	256
875	1	\N	262
876	2	\N	646
877	3	\N	155
878	4	\N	502
879	5	\N	683
880	3	\N	684
881	2	\N	791
882	5	\N	424
883	4	\N	962
884	3	\N	646
885	2	\N	545
886	3	\N	315
887	5	\N	962
888	2	\N	401
889	5	\N	108
890	1	\N	580
891	2	\N	232
892	3	\N	496
894	4	\N	413
895	2	\N	560
896	1	\N	753
897	5	\N	201
898	1	\N	668
899	4	\N	345
900	1	\N	420
901	4	\N	1
902	1	\N	819
903	4	\N	365
904	5	\N	535
905	3	\N	922
906	5	\N	382
907	4	\N	979
909	3	\N	636
910	3	\N	519
911	3	\N	530
912	2	\N	889
913	2	\N	24
914	5	\N	724
915	2	\N	831
916	5	\N	48
917	3	\N	562
918	1	\N	77
919	4	\N	265
921	4	\N	808
922	3	\N	266
923	4	\N	238
924	2	\N	570
925	4	\N	951
926	3	\N	644
927	4	\N	249
928	4	\N	380
930	4	\N	81
931	2	\N	659
932	2	\N	816
933	3	\N	486
934	4	\N	578
935	1	\N	808
937	4	\N	747
938	4	\N	436
939	4	\N	373
940	3	\N	238
941	4	\N	309
942	3	\N	933
943	3	\N	863
944	5	\N	345
945	2	\N	990
946	3	\N	693
947	2	\N	516
948	5	\N	496
949	3	\N	928
950	4	\N	797
951	4	\N	325
952	1	\N	76
953	3	\N	970
954	2	\N	515
955	5	\N	322
956	2	\N	381
957	2	\N	434
958	2	\N	839
959	2	\N	181
960	2	\N	103
962	3	\N	698
963	5	\N	381
964	3	\N	479
965	4	\N	991
966	3	\N	378
967	2	\N	874
968	2	\N	803
969	3	\N	27
970	4	\N	520
971	2	\N	956
972	3	\N	464
973	5	\N	732
975	4	\N	793
976	2	\N	563
977	4	\N	864
978	5	\N	210
979	2	\N	624
980	3	\N	141
981	5	\N	775
982	5	\N	719
983	1	\N	930
984	5	\N	10
985	3	\N	227
986	3	\N	354
987	5	\N	458
988	3	\N	630
989	2	\N	891
990	3	\N	62
992	3	\N	808
993	3	\N	75
994	2	\N	646
996	2	\N	398
997	4	\N	876
998	5	\N	716
999	3	\N	143
1000	2	\N	978
6	3	Nice!	562
19	2	not good	654
38	5	good trip!!	707
53	1	Bad	574
77	2	not good	386
101	5	good trip!!	597
116	5	good trip!!	765
130	2	not good	796
142	1	Bad	118
154	5	good trip!!	468
200	5	good trip!!	700
204	1	Bad	887
223	5	good trip!!	892
224	1	Bad	291
232	4	Nice trip!!	717
242	5	good trip!!	462
253	5	good trip!!	4
269	4	Nice trip!!	119
291	1	Bad	750
313	1	Bad	810
328	1	Bad	474
337	2	not good	454
347	4	Nice!	444
349	3	Nice!	33
373	1	Bad	767
387	5	good trip!!	823
391	1	Bad	980
397	5	good trip!!	996
415	4	Nice!	9
423	1	Bad	176
437	2	Not good	480
449	5	good trip!!	70
458	1	Bad	557
465	5	good trip!!	609
481	4	good trip!!	365
494	4	Nice!	329
517	2	Not good	371
535	5	good trip!!	789
547	3	Nice!	760
554	1	Bad	838
563	5	good trip!!	80
588	2	not good	639
591	4	Nice!	295
592	5	good trip!!	58
631	5	good trip!!	783
652	5	good trip!!	938
689	4	nice trip!!	915
710	5	good trip!!	411
728	1	Bad	405
732	5	good trip!!	148
739	5	Nice!	495
749	5	good trip!!	449
791	1	Bad	202
812	1	Not good	971
825	5	good trip!!	866
847	1	Bad	293
849	5	good trip!!	857
863	4	Nice!	959
867	4	Nice	114
893	4	Nice!	381
908	5	good trip!!	356
920	1	Bad	721
929	5	Nice!	342
936	1	Bad	775
961	4	Nice!	53
974	5	good trip!!	144
991	5	good trip!!	9
995	1	Bad	769
\.


--
-- Data for Name: ride; Type: TABLE DATA; Schema: public; Owner: postgres
--

COPY public.ride (ride_id, date, start_time, end_time, distance, fare, pick_up_location, drop_off_location, customer_id, driver_id, city_id, payment_method_id) FROM stdin;
1	2012-11-02	11:06:00	13:06:00	34.50	77.54	49 Artisan Place	523 Debs Alley	87	238	14	1
2	2024-07-14	16:29:00	16:45:00	17.81	46.67	8 Kennedy Crossing	345 Buena Vista Park	217	38	11	1
3	2014-06-15	17:39:00	08:02:00	23.17	113.60	128 Coolidge Way	30286 Florence Plaza	217	132	33	3
4	2019-12-03	22:29:00	00:17:00	42.52	56.11	88 Luster Place	95975 Mcbride Avenue	220	434	20	3
5	2016-12-31	13:15:00	23:22:00	13.46	86.10	356 Eastwood Park	391 Carberry Street	434	212	24	1
6	2023-12-18	17:14:00	05:00:00	32.24	168.46	507 Washington Circle	617 Nancy Trail	97	363	40	3
7	2023-03-28	17:27:00	04:47:00	28.20	160.28	8944 Lighthouse Bay Crossing	8 Hoepker Point	42	333	32	3
8	2014-02-25	23:16:00	14:10:00	25.74	105.65	88 Carpenter Road	29 Atwood Center	466	658	18	3
9	2024-09-02	13:50:00	21:08:00	20.37	94.36	319 Cody Road	0492 Rieder Way	442	274	7	2
10	2013-02-16	21:46:00	16:37:00	30.71	137.97	923 Lakeland Road	69805 3rd Center	282	13	36	2
11	2019-01-27	04:24:00	05:44:00	29.76	65.80	32920 Erie Drive	3 Fuller Alley	500	50	10	2
12	2014-02-16	02:48:00	05:36:00	17.90	197.43	2947 Leroy Circle	716 Miller Terrace	44	617	3	3
13	2022-06-13	18:27:00	20:56:00	44.11	101.35	3 Morrow Parkway	20457 Merry Point	175	520	4	1
14	2011-09-14	07:33:00	07:21:00	14.06	150.76	1842 Carioca Way	54703 Eggendart Circle	477	242	31	1
15	2020-04-30	03:08:00	00:44:00	13.15	27.36	6700 Hagan Parkway	27 Dennis Terrace	467	203	45	2
16	2020-07-14	23:57:00	09:07:00	33.64	40.70	4 Manufacturers Parkway	0755 Dawn Parkway	483	549	2	3
17	2021-08-27	13:27:00	19:29:00	21.21	187.83	39918 Prairieview Plaza	4 Killdeer Park	182	656	43	3
18	2020-08-24	22:29:00	19:15:00	10.29	111.33	1888 Novick Park	89 Westend Way	417	330	3	2
19	2010-11-09	07:15:00	23:31:00	8.13	135.10	90 Paget Center	81 School Park	341	92	30	3
20	2016-02-08	14:44:00	16:39:00	31.41	73.07	8261 Elgar Place	0202 Thompson Court	275	429	29	3
21	2010-09-24	09:07:00	10:28:00	11.41	57.08	55962 Hoard Avenue	121 Almo Point	244	141	43	3
22	2022-09-18	08:19:00	04:44:00	26.15	42.51	2 Valley Edge Pass	0617 Clarendon Way	99	124	42	1
23	2022-09-06	05:56:00	10:51:00	32.21	24.47	75973 Scoville Center	1 Lotheville Center	264	224	13	1
24	2010-12-19	02:47:00	08:27:00	13.78	197.87	8063 Summerview Center	5 Beilfuss Hill	90	503	48	2
25	2023-03-07	14:21:00	04:07:00	2.57	69.13	39 Sunfield Plaza	016 Eliot Road	302	531	39	1
26	2021-04-07	13:28:00	02:49:00	39.10	89.31	99488 Helena Parkway	3 Onsgard Circle	223	373	15	2
27	2017-10-30	19:57:00	13:18:00	13.37	31.07	1 Di Loreto Junction	95607 Maple Road	145	141	48	3
28	2022-12-17	21:18:00	17:39:00	9.20	126.78	55348 Grayhawk Plaza	6590 Judy Circle	194	549	20	2
29	2017-06-08	10:14:00	12:34:00	13.04	101.15	6872 Jenifer Alley	56874 La Follette Way	259	739	43	3
30	2011-01-10	04:25:00	12:15:00	12.10	79.92	85 6th Park	0086 Cascade Road	28	103	44	1
31	2017-03-23	19:47:00	04:22:00	33.02	76.45	96521 Loomis Point	40552 Cherokee Trail	72	173	18	2
32	2021-09-07	14:54:00	21:08:00	23.12	158.52	77 Bellgrove Point	05 Valley Edge Pass	162	341	25	3
33	2020-02-23	16:59:00	05:19:00	5.48	192.71	957 Victoria Court	8 Blackbird Court	79	399	3	2
34	2017-01-25	09:18:00	22:28:00	33.13	56.97	08 Pankratz Circle	192 Independence Alley	78	137	39	3
35	2023-10-16	14:22:00	23:38:00	20.25	112.60	7973 6th Avenue	8642 Lakeland Junction	11	405	19	3
36	2015-04-05	20:37:00	03:53:00	20.45	45.50	07 Oak Terrace	806 Truax Alley	359	710	9	1
37	2016-08-16	08:57:00	12:33:00	29.49	142.77	81454 Raven Point	275 Debs Trail	422	396	26	3
38	2022-02-09	14:13:00	05:50:00	28.19	186.51	1 Crest Line Lane	91247 Becker Alley	285	683	32	1
39	2015-05-13	02:02:00	03:35:00	34.59	163.03	79 Lillian Way	2 Vahlen Court	175	594	49	2
40	2015-02-02	02:16:00	02:25:00	34.34	148.59	7162 Nobel Terrace	6408 Anthes Center	449	611	12	3
41	2024-02-13	22:11:00	07:00:00	34.96	189.97	8541 3rd Pass	08762 Sherman Street	424	562	41	3
42	2021-10-24	23:55:00	21:00:00	11.81	48.45	16188 Onsgard Road	31953 Charing Cross Circle	491	554	7	2
43	2022-11-14	08:16:00	03:09:00	5.03	139.51	4725 Cascade Center	376 Coleman Pass	10	326	3	3
44	2014-09-22	13:38:00	13:50:00	8.17	37.97	61291 Granby Point	101 Lotheville Trail	191	289	37	3
45	2013-06-10	23:03:00	21:31:00	31.97	115.45	85 Calypso Drive	292 Center Junction	500	463	12	3
46	2015-05-06	08:29:00	03:31:00	15.51	75.06	9 Sunbrook Lane	0796 Sherman Alley	285	478	39	3
47	2014-11-03	01:58:00	04:11:00	9.12	34.81	63 Mariners Cove Alley	48 Commercial Alley	17	597	29	3
48	2011-05-28	09:53:00	10:08:00	8.58	151.19	7336 Rieder Lane	408 Fremont Place	48	110	22	2
49	2022-04-15	22:04:00	00:00:00	5.47	69.30	8 Weeping Birch Lane	2 Saint Paul Alley	401	735	46	2
50	2023-02-18	17:32:00	13:20:00	14.60	184.50	9 Memorial Park	475 Warbler Lane	348	545	4	2
51	2013-03-10	21:40:00	02:36:00	9.49	197.22	4365 Heffernan Crossing	92 Reinke Terrace	260	350	24	1
52	2018-06-25	23:37:00	15:13:00	36.03	128.67	686 Evergreen Place	2 Nancy Pass	408	356	32	2
53	2019-02-21	18:38:00	05:25:00	21.52	89.03	41612 Maple Wood Center	07 High Crossing Drive	221	659	2	3
54	2021-05-21	23:46:00	16:18:00	19.40	133.41	491 Holmberg Place	089 Northridge Trail	377	512	7	3
55	2015-06-11	11:25:00	00:57:00	2.78	186.79	21783 Ronald Regan Circle	98 School Crossing	201	760	47	1
56	2016-03-11	16:19:00	07:55:00	25.86	183.13	42 Shopko Alley	744 Shelley Crossing	270	214	12	1
57	2015-10-09	00:24:00	07:14:00	16.62	118.36	56205 Sachtjen Trail	0 Ramsey Trail	26	51	9	1
58	2021-03-15	22:40:00	10:43:00	3.02	187.87	0026 Hanson Circle	76 Summit Alley	49	580	19	3
59	2013-11-21	17:02:00	07:10:00	26.04	118.69	13 Steensland Center	448 3rd Center	383	599	48	1
60	2010-02-05	07:06:00	19:15:00	23.03	85.55	028 Annamark Plaza	770 Glendale Trail	318	401	32	3
61	2022-01-09	07:32:00	02:08:00	44.69	88.53	78168 Sutherland Circle	0 Hudson Crossing	497	338	3	2
62	2018-07-05	15:33:00	07:31:00	44.09	150.78	60 Esch Alley	70147 Bunting Alley	267	555	17	2
63	2014-06-26	04:52:00	22:41:00	30.84	96.50	8465 Logan Terrace	40234 Heath Hill	269	365	34	3
64	2021-09-17	14:41:00	12:17:00	44.08	44.37	40 Columbus Avenue	5772 Rusk Point	433	431	26	2
65	2017-08-30	09:53:00	03:45:00	27.01	139.66	9 Loftsgordon Court	7 Grim Place	397	463	38	2
66	2017-02-17	09:52:00	23:03:00	39.72	172.21	7 Marcy Crossing	925 Dahle Trail	158	737	44	3
67	2014-07-11	13:23:00	09:43:00	40.23	133.47	4 Mayer Trail	2327 Sherman Point	149	192	5	2
68	2023-12-08	16:31:00	01:24:00	32.30	100.41	9840 Waubesa Circle	8370 Lighthouse Bay Center	322	496	22	3
69	2017-09-27	12:11:00	14:30:00	12.21	155.64	92 Gina Avenue	6 Esker Place	84	225	34	2
70	2022-05-07	17:21:00	23:37:00	18.07	29.35	52 Ridgeway Court	8 Bultman Circle	308	192	34	1
71	2021-05-27	14:29:00	20:38:00	7.02	46.38	829 Weeping Birch Street	67545 Pepper Wood Court	42	86	14	3
72	2016-02-24	07:06:00	15:23:00	15.57	178.67	336 Katie Place	496 Esker Street	117	569	7	3
73	2017-02-25	02:16:00	00:50:00	34.00	105.15	21 Mayer Lane	60 Anthes Place	126	431	6	3
74	2014-09-16	07:43:00	14:38:00	17.07	70.19	307 Bonner Street	0 Eastlawn Hill	193	795	8	2
75	2014-07-18	03:15:00	08:52:00	18.14	133.26	59 Hudson Trail	79348 Farragut Pass	261	297	12	2
76	2011-10-28	02:04:00	12:54:00	41.57	32.68	56 Stuart Parkway	37451 Mifflin Terrace	114	137	2	1
77	2013-02-26	04:40:00	06:23:00	30.87	44.45	10 Jackson Center	9282 Tennessee Way	306	498	10	2
78	2010-02-08	06:48:00	03:04:00	16.66	122.61	32701 Old Shore Lane	734 Loftsgordon Street	275	744	6	2
79	2016-06-21	21:26:00	21:39:00	34.61	65.82	50 Loomis Trail	50 Eliot Pass	491	620	1	3
80	2020-04-01	09:40:00	10:44:00	38.45	137.98	70 Banding Circle	32 Rieder Hill	75	358	16	1
81	2021-06-03	06:36:00	18:04:00	28.27	190.41	57 Namekagon Junction	0421 Ridgeview Place	31	297	41	2
82	2023-02-27	14:16:00	02:14:00	12.00	42.17	10245 Shelley Way	322 Mayer Drive	1	481	40	2
83	2024-07-30	12:22:00	04:44:00	25.99	133.50	1 Paget Center	0325 Shopko Trail	82	35	12	3
84	2013-10-04	14:51:00	10:56:00	26.20	131.72	745 Mcbride Plaza	9 Havey Trail	473	141	18	3
85	2018-04-11	19:24:00	12:21:00	7.69	183.52	904 Summer Ridge Drive	3 Union Place	115	181	33	2
86	2019-07-30	10:15:00	21:45:00	43.38	141.77	528 Oneill Parkway	2 Larry Court	408	667	30	3
87	2017-03-11	12:05:00	15:17:00	7.41	68.05	990 Montana Trail	0 Bashford Center	239	117	25	3
88	2019-02-08	21:18:00	05:39:00	34.79	131.91	8666 Dixon Plaza	496 Rusk Parkway	59	799	49	1
89	2017-06-11	19:03:00	18:39:00	32.71	33.09	05546 Welch Junction	49960 Gale Plaza	252	680	49	2
90	2011-06-02	07:31:00	09:47:00	15.99	27.68	49 Charing Cross Alley	385 Kings Center	324	127	45	2
91	2018-07-29	18:39:00	23:18:00	5.82	85.07	8841 Gale Crossing	259 Shasta Center	28	694	10	1
92	2015-08-07	16:28:00	17:52:00	12.61	127.24	261 Arrowood Lane	05873 Fairview Court	268	642	7	3
93	2023-11-20	21:02:00	11:15:00	33.09	95.54	9589 Nobel Street	8 Artisan Circle	38	78	18	2
94	2016-09-10	09:28:00	16:46:00	35.17	99.92	290 Gerald Lane	9698 Victoria Street	83	504	19	3
95	2017-01-10	08:17:00	18:14:00	34.42	67.51	648 Mccormick Court	49251 Fallview Terrace	296	557	43	1
96	2010-01-03	01:24:00	01:18:00	12.87	138.97	958 Nancy Road	9 Logan Park	153	207	9	2
97	2015-08-17	19:43:00	18:38:00	17.72	157.71	0416 Sunfield Point	2673 Dahle Center	397	433	10	3
98	2015-09-07	14:41:00	15:50:00	1.21	167.45	92486 Moland Park	05 Almo Drive	212	425	31	3
99	2011-05-09	05:28:00	12:51:00	8.97	39.73	1 Vermont Circle	24 Oriole Trail	142	126	12	3
100	2015-08-08	08:15:00	02:11:00	20.73	50.33	65191 Sunnyside Center	16 Mitchell Way	40	100	48	3
101	2016-11-30	17:14:00	16:34:00	41.58	148.92	7 Arizona Way	1 Becker Way	468	332	20	3
102	2015-06-28	08:42:00	13:32:00	33.80	96.53	21067 Red Cloud Point	5955 Dakota Street	108	725	14	1
103	2020-02-09	19:16:00	04:58:00	12.02	176.36	54 Brentwood Center	245 Londonderry Road	268	711	8	1
104	2017-09-06	19:19:00	12:15:00	19.29	43.57	0288 Del Sol Trail	807 Kenwood Alley	387	799	30	1
105	2022-09-30	21:39:00	11:34:00	12.08	180.63	81 Ridge Oak Street	1116 Schmedeman Park	487	715	25	1
106	2016-11-09	11:48:00	14:46:00	8.83	135.47	21211 Shasta Lane	5277 Cascade Hill	423	615	48	2
107	2015-12-28	02:09:00	21:36:00	2.66	197.21	57 Bultman Way	7127 La Follette Junction	51	561	16	3
108	2017-01-08	23:42:00	05:43:00	34.10	69.68	3529 Maryland Terrace	40 Blue Bill Park Street	61	697	42	2
109	2020-07-07	20:20:00	13:51:00	4.97	173.28	27960 Walton Street	52383 Kipling Circle	38	53	47	1
110	2012-12-09	20:34:00	02:52:00	32.51	40.15	89912 Oak Circle	4737 Kedzie Parkway	171	527	49	1
111	2020-05-01	09:03:00	01:52:00	23.87	21.54	36 Harper Trail	209 Barnett Lane	457	432	10	2
112	2012-01-15	20:53:00	04:14:00	22.00	117.52	6284 John Wall Terrace	7 East Junction	404	129	26	1
113	2016-01-26	16:30:00	14:52:00	7.43	137.91	5770 Main Lane	533 East Point	184	228	29	2
114	2012-08-06	21:02:00	19:59:00	42.73	32.11	2 Bultman Point	2 Spohn Center	27	297	47	1
115	2020-01-24	01:37:00	02:03:00	30.05	145.86	8 Kings Road	0084 Jackson Park	113	376	38	1
116	2022-07-07	14:48:00	12:42:00	43.53	137.64	2 6th Parkway	163 Magdeline Way	213	281	37	2
117	2010-10-08	09:15:00	19:13:00	34.14	104.54	671 Lerdahl Drive	74415 Macpherson Point	360	197	47	1
118	2020-09-19	18:19:00	09:19:00	32.03	137.38	4758 Sugar Road	90 Carberry Plaza	69	285	35	1
119	2023-06-23	07:10:00	21:41:00	24.18	116.16	57 Randy Pass	96 John Wall Center	137	789	4	2
120	2015-04-11	20:34:00	05:04:00	28.22	176.72	953 Iowa Park	8884 Memorial Crossing	205	320	48	2
121	2019-04-24	15:31:00	00:10:00	41.11	160.03	87 Carberry Road	29 3rd Point	105	769	9	1
122	2023-02-19	09:39:00	00:33:00	41.50	77.67	233 Stuart Road	731 Forest Dale Way	463	296	25	2
123	2012-12-06	11:35:00	09:42:00	7.80	45.03	445 Pankratz Way	21229 Graedel Point	476	151	31	1
124	2021-02-25	21:52:00	04:03:00	35.31	143.40	2 Darwin Place	1756 Anhalt Court	91	302	23	1
125	2014-11-01	03:33:00	21:46:00	35.31	169.72	13 Ruskin Terrace	92 Eggendart Court	384	766	28	1
126	2011-12-29	01:28:00	21:19:00	4.30	132.07	316 Algoma Point	3 Donald Place	281	170	14	2
127	2016-11-12	10:53:00	04:44:00	11.41	130.55	7420 Lunder Lane	66 Browning Alley	105	701	15	3
128	2020-11-22	09:46:00	21:53:00	19.22	67.30	0 Browning Junction	1 Coolidge Point	362	440	22	3
129	2010-07-08	02:03:00	05:08:00	19.43	161.79	293 Center Junction	67926 Ruskin Park	361	164	42	2
130	2023-10-31	05:43:00	21:16:00	33.00	86.75	49 Pennsylvania Point	253 Schiller Court	116	552	41	3
131	2021-08-31	21:34:00	07:28:00	1.10	73.79	8902 Lakewood Gardens Avenue	60489 Loftsgordon Hill	16	483	36	1
132	2019-03-19	04:02:00	01:51:00	29.48	112.70	709 Aberg Center	8 Hagan Road	222	478	33	2
133	2013-12-04	09:00:00	19:05:00	33.23	62.83	2260 Hanover Way	5088 Alpine Park	157	183	19	1
134	2020-04-06	00:37:00	13:20:00	15.29	31.85	1965 Sutherland Drive	47936 Ludington Court	334	501	32	2
135	2016-02-19	22:11:00	15:28:00	40.76	91.63	319 New Castle Terrace	31423 Hazelcrest Terrace	385	556	40	3
136	2019-07-20	22:09:00	13:46:00	4.05	103.54	85 Brown Hill	1180 Dahle Hill	20	327	4	2
137	2014-03-31	02:03:00	14:31:00	10.93	88.36	97761 Granby Parkway	855 Mcbride Trail	386	483	40	1
138	2019-11-07	14:35:00	17:25:00	13.32	135.17	0862 Northfield Terrace	640 Rowland Trail	78	641	8	2
139	2014-03-29	21:05:00	13:23:00	4.33	111.80	3 Hoard Crossing	86 Lawn Parkway	235	185	47	1
140	2014-04-29	06:39:00	18:03:00	1.52	148.94	80 Oakridge Pass	67954 Jackson Terrace	178	306	2	1
141	2022-07-02	21:38:00	06:40:00	13.84	96.91	57153 Moose Parkway	133 Hooker Court	256	100	34	2
142	2021-09-08	08:47:00	12:27:00	27.32	117.66	9824 Center Terrace	7 Monument Trail	379	71	38	3
143	2021-07-25	08:35:00	11:46:00	29.94	122.78	7 Arapahoe Road	70 Bartillon Lane	489	343	25	1
144	2024-08-23	13:03:00	23:12:00	5.65	101.97	139 Menomonie Plaza	6769 Sachtjen Court	444	495	11	3
145	2021-01-23	05:21:00	03:13:00	36.66	194.15	153 Eliot Point	60840 Ronald Regan Terrace	284	85	6	1
146	2023-07-12	15:12:00	03:24:00	11.62	58.40	7 Shopko Crossing	16215 Vidon Trail	416	325	10	1
147	2015-05-21	20:53:00	11:04:00	2.33	196.15	8 Aberg Street	30 Oxford Place	398	117	27	1
148	2018-06-29	10:00:00	19:16:00	17.01	126.79	2 La Follette Junction	3209 Graedel Avenue	177	328	35	2
149	2019-06-05	20:35:00	10:04:00	7.98	117.94	40 Grim Road	61 Talmadge Road	351	464	3	1
150	2021-09-26	01:15:00	00:12:00	9.39	137.80	04358 Springs Crossing	72869 Barby Plaza	189	588	15	3
151	2017-11-29	08:31:00	08:38:00	16.50	62.58	2 Lake View Trail	084 Mcbride Court	3	680	1	2
152	2013-09-19	14:17:00	10:27:00	28.32	99.94	3940 Division Alley	1 Anhalt Point	275	137	18	1
153	2011-06-24	21:58:00	03:53:00	1.67	64.79	929 Vidon Drive	47 Granby Junction	254	87	11	2
154	2019-07-27	15:23:00	03:05:00	41.74	123.18	635 Lakeland Park	22611 Mifflin Place	96	347	13	2
155	2015-03-14	01:19:00	17:26:00	40.72	114.21	3382 Manitowish Street	89545 Village Trail	397	6	2	2
156	2013-11-23	11:40:00	03:02:00	32.14	156.30	61737 Springview Parkway	80078 Arapahoe Street	287	599	32	1
157	2021-03-07	06:28:00	07:48:00	4.88	93.29	5 Doe Crossing Alley	24 Fulton Crossing	367	438	16	1
158	2018-02-14	03:35:00	08:26:00	34.65	132.63	622 Forest Dale Circle	07 Eastlawn Center	15	227	46	1
159	2011-12-06	00:39:00	19:25:00	38.11	162.58	8905 Reindahl Park	080 Sutherland Hill	138	707	33	2
160	2018-03-11	07:20:00	19:37:00	33.94	109.99	8 Delaware Crossing	03 Sage Terrace	492	777	4	1
161	2021-07-06	13:16:00	14:55:00	29.11	86.36	98024 Spohn Place	036 Prairie Rose Center	254	368	42	2
162	2019-06-08	03:21:00	16:07:00	20.69	178.89	91615 Union Drive	801 Algoma Trail	365	70	23	3
163	2018-09-11	10:26:00	01:10:00	17.99	155.04	922 Talisman Plaza	236 Northridge Trail	315	131	18	2
164	2015-10-24	11:41:00	14:32:00	2.73	126.47	58489 Merchant Alley	7054 Esch Junction	162	191	48	2
165	2023-09-17	08:06:00	22:45:00	16.36	188.22	7 Mariners Cove Circle	45 Badeau Street	386	290	22	2
166	2014-04-08	06:58:00	18:11:00	39.76	165.75	2 Division Point	6 Menomonie Parkway	482	152	46	3
167	2015-07-28	01:51:00	21:37:00	38.21	121.46	6 Almo Point	592 Comanche Pass	329	752	2	3
168	2013-12-17	23:58:00	03:39:00	8.23	141.10	0412 Mifflin Trail	52 Kingsford Center	2	734	1	2
169	2016-12-14	19:50:00	23:35:00	35.48	121.08	46823 Fordem Place	8240 Tennessee Drive	171	466	36	2
170	2020-11-09	05:40:00	14:36:00	19.07	75.19	52 Holy Cross Court	2 Southridge Lane	476	122	2	1
171	2024-10-29	00:14:00	08:16:00	38.89	22.35	662 Hintze Road	8 Mcguire Parkway	267	626	27	2
172	2021-05-31	15:47:00	14:34:00	40.96	175.87	6 Hanover Court	1 Hayes Trail	169	1	10	3
173	2024-08-05	20:00:00	09:56:00	10.46	27.83	85862 Fair Oaks Circle	8 Eagle Crest Place	38	481	5	1
174	2017-11-02	02:47:00	01:32:00	4.57	167.19	6 Clyde Gallagher Terrace	053 Ridgeview Park	107	765	26	3
175	2012-10-08	08:20:00	03:16:00	14.85	78.92	36 Stang Court	4 Green Ridge Parkway	434	317	39	2
176	2023-09-27	16:34:00	20:18:00	14.62	69.57	1354 Crowley Trail	4 Harper Lane	493	675	38	3
177	2018-10-31	14:44:00	04:43:00	41.63	146.59	52108 Esker Court	42 Heffernan Avenue	91	316	5	2
178	2017-07-04	23:41:00	06:04:00	5.91	49.94	2968 Memorial Street	64864 Pawling Place	482	16	13	2
179	2017-07-19	05:43:00	04:22:00	5.52	25.43	8915 Emmet Lane	38 Scott Parkway	227	17	46	3
180	2024-03-20	10:15:00	13:11:00	41.04	116.34	02 Havey Circle	40 Orin Parkway	345	143	33	2
181	2023-07-19	12:31:00	05:58:00	26.61	101.91	4310 Stone Corner Avenue	10555 Gina Way	382	337	24	3
182	2018-04-26	14:04:00	04:07:00	18.31	68.76	8671 Pennsylvania Circle	0155 Bultman Lane	28	502	6	2
183	2020-01-20	03:22:00	03:39:00	19.60	199.81	2 Caliangt Drive	7 Petterle Road	240	763	28	1
184	2024-09-25	23:45:00	08:53:00	10.79	61.60	3 Ridgeway Trail	5069 Fair Oaks Parkway	456	109	45	2
185	2014-07-18	02:55:00	08:26:00	22.29	27.47	0092 Algoma Plaza	25 Pond Place	398	767	17	1
186	2011-12-24	16:35:00	13:41:00	9.98	188.64	73370 Independence Terrace	7954 Anhalt Way	285	636	17	1
187	2012-06-12	20:52:00	23:18:00	13.05	103.84	89 Victoria Center	3 Pankratz Avenue	24	524	2	2
188	2018-10-17	02:09:00	06:42:00	16.78	118.66	51 Dennis Trail	723 Lakewood Way	373	57	45	1
189	2022-01-19	12:05:00	00:25:00	20.03	178.13	7169 Jackson Trail	27 Jana Point	10	611	25	2
190	2023-06-30	20:56:00	23:43:00	40.47	38.31	56278 Pine View Road	014 Tennyson Street	129	513	30	3
191	2023-07-31	20:28:00	20:14:00	6.05	22.75	40084 South Avenue	182 Longview Center	115	4	19	1
192	2017-12-08	14:36:00	10:19:00	14.15	39.19	4803 Crescent Oaks Way	174 Springview Point	471	135	7	3
193	2021-01-27	02:06:00	18:57:00	38.23	73.18	24959 Mariners Cove Court	38275 Transport Point	111	668	13	2
194	2018-02-19	01:41:00	06:17:00	28.44	50.60	919 Waywood Lane	95 Elka Plaza	83	299	34	2
195	2020-09-22	22:51:00	07:13:00	42.92	173.71	07965 Badeau Way	511 Scott Circle	487	51	42	3
196	2010-04-15	10:00:00	21:56:00	30.03	91.77	5 Talisman Place	3860 Forster Avenue	94	70	23	3
197	2014-09-24	19:13:00	05:14:00	31.68	105.92	889 Burrows Hill	6 Dennis Way	427	152	28	1
198	2015-08-31	13:52:00	12:00:00	33.97	96.38	45 Schiller Trail	81420 Lillian Lane	94	414	44	2
199	2021-04-26	09:53:00	22:35:00	18.57	109.05	63 American Drive	86 Golf Road	131	74	42	2
200	2010-02-24	07:02:00	23:45:00	15.85	32.96	180 Cardinal Terrace	676 Waxwing Drive	450	218	35	3
201	2010-02-13	07:30:00	16:32:00	1.46	85.36	3 Prairieview Drive	4 Clyde Gallagher Junction	223	48	4	2
202	2014-04-21	15:38:00	12:39:00	28.27	171.80	65405 Northland Center	30 Badeau Alley	394	758	46	3
203	2023-01-19	14:07:00	11:31:00	7.69	47.71	013 Sutherland Junction	10189 Tomscot Avenue	72	144	37	2
204	2019-03-10	08:02:00	16:41:00	25.00	41.31	2467 Sunfield Park	132 Garrison Terrace	361	450	19	2
205	2011-05-13	00:53:00	14:56:00	35.91	38.40	0533 Pierstorff Circle	45 Welch Lane	200	369	31	2
206	2011-10-22	01:00:00	11:27:00	30.96	137.54	6906 Muir Drive	73 Nobel Plaza	227	306	16	1
207	2016-08-19	23:55:00	13:06:00	1.17	198.25	70 Montana Circle	68230 Carberry Point	369	341	23	3
208	2011-07-07	09:04:00	03:44:00	43.72	117.22	477 Pepper Wood Center	645 Pepper Wood Place	272	782	3	3
209	2021-07-16	03:38:00	09:20:00	3.36	94.27	08 Mccormick Court	6 Daystar Hill	353	781	11	1
210	2011-09-14	02:41:00	06:25:00	32.38	112.38	0 Cambridge Crossing	524 Maywood Point	224	497	49	1
211	2021-05-28	00:18:00	09:13:00	21.30	154.21	9460 Grim Center	9667 Emmet Road	392	639	46	1
212	2024-11-03	04:52:00	04:57:00	15.07	86.39	7 Utah Avenue	205 Vera Circle	42	33	14	2
213	2015-03-31	21:20:00	00:07:00	4.08	114.99	6 Brickson Park Road	3 Bluejay Road	450	178	16	1
214	2010-12-12	20:32:00	19:08:00	3.70	41.78	1595 West Circle	9 Brickson Park Drive	431	133	39	1
215	2010-05-28	13:56:00	02:47:00	4.02	121.76	93 Vera Parkway	5 Westport Parkway	266	349	43	1
216	2017-11-29	18:17:00	17:27:00	8.57	20.29	6 Red Cloud Center	379 Banding Junction	253	194	20	2
217	2023-10-19	02:09:00	08:50:00	1.48	116.56	97 Eliot Avenue	37 Mcguire Trail	156	429	32	2
218	2013-06-01	12:58:00	08:56:00	16.42	127.57	81 Bonner Drive	86 Glacier Hill Alley	149	552	5	3
219	2022-04-23	23:34:00	16:19:00	7.34	161.10	57 Gateway Circle	8 Westerfield Crossing	97	370	14	2
220	2017-07-23	02:42:00	07:01:00	7.01	42.59	102 Pepper Wood Way	7636 Darwin Court	311	159	18	2
221	2012-07-04	05:54:00	09:47:00	36.17	157.82	65656 Iowa Drive	63931 Kim Alley	118	29	40	2
222	2018-06-23	20:02:00	06:55:00	42.47	45.47	6386 Del Sol Circle	34198 Sycamore Drive	166	653	23	2
223	2013-02-18	11:18:00	14:39:00	17.08	72.45	9488 Helena Plaza	7815 Thompson Way	129	533	27	2
224	2010-09-25	10:11:00	04:54:00	11.34	135.51	314 Schlimgen Drive	5 Sunfield Circle	44	2	12	2
225	2024-05-25	01:07:00	19:26:00	37.16	26.63	91 Sauthoff Terrace	5530 Loomis Pass	20	136	26	2
226	2019-05-01	22:58:00	02:48:00	2.21	122.88	7 Barby Circle	76595 Sundown Terrace	67	698	49	1
227	2023-07-30	02:24:00	23:28:00	36.12	79.95	82 6th Center	212 Packers Trail	32	27	35	2
228	2017-08-17	14:50:00	19:25:00	12.72	21.58	53 Northview Lane	2786 Fordem Alley	207	773	15	2
229	2015-10-22	21:26:00	16:11:00	29.31	183.72	5213 Armistice Way	18 Ohio Crossing	194	180	34	2
230	2015-11-01	04:55:00	02:31:00	38.90	64.29	0340 Sycamore Alley	542 Schmedeman Parkway	224	793	13	3
231	2023-01-30	00:56:00	01:30:00	14.21	27.02	43081 Kim Street	1 Arrowood Crossing	222	341	22	1
232	2014-03-31	16:13:00	15:39:00	23.74	149.18	81991 Tomscot Point	011 Bartelt Plaza	409	558	20	1
233	2017-01-18	00:34:00	14:32:00	34.02	25.97	09210 Main Hill	2 Pine View Circle	251	74	34	2
234	2010-11-03	07:06:00	10:54:00	37.59	109.72	2364 American Crossing	6056 Donald Place	484	104	27	3
235	2020-09-12	17:22:00	05:17:00	30.28	29.47	32 Quincy Alley	1 Calypso Point	67	383	41	3
236	2016-11-03	20:35:00	03:34:00	33.55	170.32	459 Texas Lane	5288 School Street	428	258	40	2
237	2013-10-29	01:30:00	02:25:00	39.21	172.09	1 Susan Drive	6 Granby Center	448	737	19	3
238	2019-08-11	07:52:00	00:00:00	5.77	33.99	164 Surrey Point	1 Nobel Plaza	220	229	47	1
239	2017-03-25	08:51:00	04:05:00	34.03	116.81	5 Stone Corner Parkway	6043 Hermina Hill	11	769	14	2
240	2011-06-03	01:31:00	21:26:00	22.89	108.88	8 Farwell Place	77 Farmco Point	202	174	9	1
241	2012-05-04	13:31:00	05:59:00	35.09	141.04	14374 Sullivan Pass	0 Florence Junction	110	660	14	3
242	2010-02-17	16:37:00	07:32:00	7.07	183.17	8 Park Meadow Court	53053 Pawling Point	139	364	41	2
243	2021-07-20	11:06:00	07:03:00	13.52	127.55	95626 Sauthoff Hill	80856 Glendale Lane	139	532	23	1
244	2024-08-20	06:44:00	15:33:00	13.76	107.21	53 Parkside Trail	2 Riverside Park	464	665	21	3
245	2021-04-28	03:45:00	04:34:00	36.39	122.38	253 Emmet Point	85 Portage Drive	137	105	16	3
246	2011-01-22	15:05:00	15:51:00	5.25	166.66	180 Paget Pass	83 Montana Park	209	556	9	2
247	2010-07-29	15:09:00	22:32:00	14.99	54.11	71 Hoard Plaza	82916 West Circle	139	194	22	2
248	2015-08-26	15:51:00	16:05:00	7.48	171.98	566 Melvin Road	899 Sauthoff Junction	499	671	33	1
249	2013-12-05	04:25:00	20:15:00	12.41	155.44	6984 Glacier Hill Crossing	92615 Harper Alley	113	560	28	2
250	2010-07-07	11:16:00	20:55:00	40.03	93.24	9 Annamark Lane	4 Bartillon Junction	235	340	7	3
251	2010-02-26	04:34:00	00:30:00	24.99	138.88	55 Artisan Center	9 Grover Alley	111	81	11	2
252	2013-11-07	05:48:00	18:31:00	43.55	196.50	4156 Hudson Trail	81939 Iowa Pass	239	139	10	2
253	2022-10-08	18:14:00	04:41:00	7.70	164.41	3552 Crownhardt Crossing	47 Iowa Street	289	44	23	3
254	2011-12-13	04:35:00	19:04:00	14.39	29.89	7127 Glacier Hill Point	8586 Northland Trail	287	417	25	3
255	2017-10-16	08:14:00	08:21:00	3.46	81.12	6172 Twin Pines Pass	64743 Hudson Park	32	116	14	2
256	2015-12-30	15:40:00	17:48:00	10.63	60.50	7 Shopko Circle	76074 Northview Court	217	477	7	3
257	2021-04-17	03:29:00	05:35:00	22.78	147.07	67239 Troy Lane	7809 Ramsey Terrace	61	366	39	1
258	2019-04-20	16:04:00	02:12:00	4.96	135.34	83241 Derek Road	69 Barnett Crossing	223	533	14	3
259	2016-02-24	16:19:00	22:33:00	5.78	52.24	920 Springview Circle	75221 Helena Street	392	487	12	1
260	2020-07-21	16:05:00	12:35:00	42.43	140.88	44330 Vera Trail	4283 Spohn Street	390	330	19	3
261	2020-06-08	19:51:00	17:09:00	6.32	171.90	6 Summer Ridge Parkway	5 Artisan Center	316	739	13	1
262	2019-12-05	12:14:00	23:24:00	3.54	95.17	7143 Cherokee Alley	5 Twin Pines Circle	84	445	6	1
263	2023-01-10	17:41:00	21:10:00	31.25	96.76	3587 Farmco Street	11371 Iowa Park	109	648	32	3
264	2023-04-23	09:52:00	20:04:00	12.62	109.44	81731 Calypso Way	89 Weeping Birch Alley	134	752	25	2
265	2012-07-24	03:50:00	02:20:00	42.68	158.98	46 Saint Paul Circle	42 Sheridan Court	178	77	17	2
266	2024-03-23	06:59:00	01:14:00	28.58	64.40	87321 Talisman Center	80174 Artisan Point	342	577	4	3
267	2020-09-26	22:52:00	10:26:00	24.92	167.91	1 Lakewood Drive	089 Fremont Plaza	373	79	42	2
268	2016-06-08	17:56:00	16:09:00	10.19	170.07	327 Crownhardt Park	54952 Dottie Junction	27	219	8	2
269	2017-07-18	19:18:00	14:08:00	27.82	156.56	49 2nd Parkway	5 Acker Alley	94	206	4	3
270	2017-08-01	07:43:00	19:05:00	13.92	173.58	52 Cottonwood Center	327 Dwight Court	26	264	6	1
271	2013-08-24	20:42:00	23:05:00	12.79	115.29	4841 Hoard Avenue	85 Montana Hill	477	181	20	1
272	2023-04-08	09:16:00	05:49:00	3.31	160.61	3 Oriole Hill	7350 Kings Center	175	147	10	2
273	2013-08-20	00:23:00	11:13:00	27.83	161.24	6 Rutledge Parkway	8298 Pankratz Drive	284	752	33	3
274	2021-11-24	20:44:00	08:05:00	42.45	128.00	86 Menomonie Hill	57 Artisan Park	37	690	17	3
275	2020-03-23	21:52:00	01:07:00	1.70	189.32	021 Daystar Alley	118 Kensington Park	82	34	27	2
276	2014-05-16	00:05:00	13:07:00	41.86	68.40	75 Becker Parkway	1 Sunfield Parkway	435	779	14	1
277	2018-02-16	09:32:00	17:34:00	29.80	149.21	49 Roth Center	2738 Waxwing Plaza	173	757	49	1
278	2023-12-16	12:53:00	11:09:00	17.46	141.43	61 Loeprich Center	1 Northwestern Parkway	392	470	23	1
279	2014-03-21	19:04:00	11:40:00	27.75	177.49	060 Center Road	48 Randy Road	122	278	10	3
280	2024-02-08	15:21:00	01:21:00	22.97	80.93	6149 Badeau Junction	0 Jenifer Point	40	603	3	3
281	2016-03-29	05:22:00	00:31:00	10.87	81.99	4018 Hanover Parkway	4 Stang Lane	316	521	31	1
282	2021-04-16	19:29:00	02:09:00	39.14	70.83	93580 Packers Trail	89378 6th Park	368	569	15	3
283	2024-03-03	02:35:00	23:46:00	36.25	47.43	55 Kinsman Terrace	096 Aberg Pass	440	429	23	2
284	2017-04-20	02:32:00	09:40:00	38.86	90.60	21 Shasta Lane	30662 Arizona Pass	31	192	23	3
285	2015-10-08	00:27:00	22:05:00	24.37	189.27	18 Kings Pass	60 Transport Plaza	250	159	33	1
286	2011-12-07	20:11:00	20:40:00	44.75	182.16	144 Forest Alley	00887 Helena Crossing	441	390	6	3
287	2011-04-11	11:47:00	15:26:00	4.58	148.39	9510 North Way	54995 Stoughton Court	193	206	20	1
288	2012-05-17	04:02:00	04:30:00	3.90	161.94	9074 Bartillon Hill	2 Bunting Court	262	151	17	2
289	2022-01-06	15:36:00	00:49:00	7.03	157.79	28272 Oriole Circle	1265 Tomscot Lane	54	428	35	3
290	2013-03-29	05:56:00	23:53:00	7.19	134.47	3 Ohio Terrace	0 Starling Avenue	139	452	42	3
291	2017-08-02	09:18:00	08:13:00	27.07	193.22	7 Melody Hill	95635 Larry Avenue	176	419	7	2
292	2022-04-29	10:26:00	17:18:00	1.59	27.49	5461 Summer Ridge Terrace	2112 Melvin Park	43	521	27	2
293	2012-07-29	12:09:00	15:37:00	40.92	139.97	6133 Springview Court	77 Leroy Circle	16	727	5	3
294	2017-05-13	05:08:00	14:02:00	29.39	171.04	0941 Forster Trail	1 John Wall Alley	356	225	2	2
295	2011-07-28	06:36:00	03:19:00	37.70	81.30	87 Pepper Wood Court	7 Armistice Park	422	310	42	2
296	2012-04-11	14:45:00	06:45:00	24.03	186.96	2136 Ruskin Hill	89758 Cascade Hill	430	159	20	2
297	2010-12-08	15:18:00	09:07:00	33.78	81.71	7223 Arapahoe Court	0000 Cottonwood Crossing	97	389	26	1
298	2018-04-22	19:39:00	04:57:00	18.45	109.31	3776 Crowley Terrace	80 Waxwing Junction	149	89	4	2
299	2017-09-21	23:28:00	00:02:00	15.08	65.59	90348 Butternut Trail	823 8th Center	37	561	37	2
300	2023-12-03	14:24:00	22:47:00	6.71	88.26	896 Browning Point	04 Moulton Lane	137	473	28	3
301	2024-09-23	01:53:00	19:15:00	8.42	130.66	177 Calypso Road	590 Ruskin Parkway	205	640	23	2
302	2015-05-10	09:40:00	07:52:00	26.36	70.45	06699 Katie Road	84 Upham Trail	337	230	17	3
303	2016-09-21	10:05:00	06:46:00	9.61	110.27	4775 Heffernan Crossing	0 Sheridan Place	305	46	18	2
304	2020-03-07	18:42:00	02:13:00	4.62	177.67	94203 Crescent Oaks Pass	48487 Mallard Plaza	459	266	33	1
305	2017-07-14	23:24:00	15:10:00	15.78	26.98	4 Hanson Parkway	17784 Bultman Pass	247	487	9	2
306	2010-06-08	02:25:00	12:43:00	38.25	119.18	18 Trailsway Point	04066 Gina Pass	459	226	13	2
307	2017-07-17	14:45:00	04:50:00	40.88	79.85	586 Amoth Junction	4 Melrose Avenue	202	618	6	1
308	2017-07-23	11:54:00	15:04:00	10.84	69.12	2122 Luster Alley	70 Sunbrook Alley	149	154	39	2
309	2023-11-28	17:37:00	15:09:00	1.52	46.88	1 Fuller Parkway	36 La Follette Trail	216	657	22	1
310	2017-07-14	05:57:00	15:57:00	18.93	146.96	389 Carpenter Street	4 Stuart Junction	202	424	21	1
311	2023-01-18	07:02:00	14:32:00	42.14	185.95	9 Debra Terrace	44693 Barby Circle	368	634	38	1
312	2015-12-01	12:45:00	17:26:00	33.88	51.28	93352 David Road	357 Montana Alley	98	500	9	1
313	2011-05-27	05:29:00	05:31:00	16.92	103.25	991 Mccormick Drive	55174 Northland Parkway	248	763	46	2
314	2011-01-23	05:41:00	23:36:00	2.24	38.16	16898 Melody Lane	0955 Melody Lane	438	111	20	3
315	2024-11-05	03:26:00	17:02:00	33.32	73.42	2188 Glendale Trail	9330 Summit Road	214	44	29	1
316	2011-03-23	21:16:00	22:13:00	13.05	155.96	26 Pepper Wood Lane	467 Atwood Avenue	475	152	45	2
317	2018-04-20	19:07:00	23:34:00	37.62	190.48	3392 Helena Center	600 Knutson Pass	380	785	42	3
318	2013-06-03	19:45:00	17:53:00	30.97	106.77	76606 Moose Place	6 Shasta Park	84	75	4	3
319	2022-09-09	17:41:00	12:17:00	26.34	33.96	82 Fuller Court	15 Mcbride Terrace	354	557	13	1
320	2012-05-19	04:51:00	15:13:00	33.34	64.94	99 Crowley Drive	89 Amoth Trail	236	171	38	2
321	2016-08-25	22:44:00	10:19:00	36.02	73.87	883 Elmside Pass	8243 Sachs Alley	493	499	23	2
322	2012-04-02	12:54:00	21:22:00	39.69	175.61	6996 Gina Terrace	9 Cascade Circle	423	398	28	1
323	2012-07-28	06:52:00	05:56:00	39.15	141.90	8 Butterfield Park	80 Schlimgen Crossing	368	714	4	3
324	2020-11-15	16:22:00	00:19:00	11.89	43.95	16 Petterle Pass	31 Kennedy Pass	430	35	30	3
325	2013-06-25	10:59:00	13:46:00	19.49	126.08	59 Reinke Point	1 Superior Parkway	476	762	8	1
326	2011-01-15	14:27:00	03:21:00	4.94	188.11	6199 Mcbride Street	69 Jay Place	170	170	32	1
327	2013-11-09	15:44:00	06:56:00	28.06	198.11	23239 Manufacturers Alley	72 Judy Court	373	194	3	2
328	2011-11-02	03:43:00	22:53:00	33.82	30.80	0 Schurz Crossing	9679 Bowman Alley	173	473	45	3
329	2023-04-14	04:48:00	22:18:00	13.03	31.13	95045 Huxley Place	9923 Grayhawk Point	171	578	16	2
330	2019-03-14	07:32:00	20:59:00	31.23	68.37	5802 Bunker Hill Pass	655 Paget Crossing	417	361	41	1
331	2012-04-03	11:52:00	01:36:00	41.78	26.87	71652 Eastlawn Terrace	0 Jackson Circle	400	427	49	2
332	2014-05-04	16:50:00	17:32:00	13.98	21.80	5356 Dunning Lane	9 Vermont Plaza	419	10	21	1
333	2010-12-26	15:53:00	14:55:00	41.54	176.73	7 Annamark Center	11971 Knutson Hill	179	300	28	3
334	2017-09-01	00:03:00	01:31:00	20.38	48.14	7 Beilfuss Crossing	066 Colorado Drive	220	661	25	2
335	2024-04-12	03:56:00	00:11:00	41.82	31.15	8 Badeau Street	6 Mallory Crossing	420	726	48	1
336	2021-12-29	21:27:00	06:10:00	1.87	86.91	3495 Lunder Hill	072 Eastwood Hill	206	513	25	3
337	2019-06-06	06:01:00	13:56:00	12.39	35.83	6 Pond Way	6 Susan Avenue	282	67	28	1
338	2012-01-23	16:33:00	08:34:00	24.35	187.66	6 Burning Wood Park	6785 Nova Avenue	458	175	8	3
339	2013-04-18	20:39:00	11:42:00	20.55	98.70	2199 Loeprich Parkway	3 Longview Lane	296	766	2	2
340	2017-07-06	18:55:00	10:50:00	8.97	181.65	6163 Ryan Street	05363 Orin Drive	50	443	8	3
341	2012-11-12	08:02:00	03:18:00	23.85	61.29	60001 Roth Hill	52 Washington Plaza	205	607	45	3
342	2021-07-18	15:16:00	02:25:00	17.62	69.57	148 Glacier Hill Lane	7 Michigan Trail	67	39	8	2
343	2014-08-14	01:41:00	17:44:00	34.17	22.92	3074 Montana Point	6398 Carpenter Parkway	272	473	16	3
344	2011-12-27	04:39:00	11:25:00	20.66	136.80	48526 Hanover Lane	83 Muir Place	312	521	36	3
345	2013-04-08	23:21:00	20:16:00	3.85	63.05	2 Emmet Terrace	4696 Maryland Avenue	360	24	35	1
346	2015-09-21	19:24:00	12:38:00	29.11	83.08	1082 Del Sol Pass	1115 Northport Lane	345	632	20	2
347	2015-03-23	00:32:00	07:37:00	26.80	24.66	15 Golf Course Alley	77467 Hoard Park	396	688	27	3
348	2015-09-29	13:18:00	19:08:00	15.92	28.84	00707 Rockefeller Point	6 Vera Street	278	151	4	2
349	2019-01-17	08:14:00	09:15:00	44.37	177.79	77 Milwaukee Hill	01 Esker Hill	288	348	40	1
350	2024-07-07	07:28:00	01:35:00	38.47	120.50	014 3rd Lane	97419 Sage Point	405	781	12	1
351	2018-10-05	12:10:00	05:09:00	16.61	75.16	7486 Clemons Alley	44 International Crossing	22	514	9	2
352	2016-09-18	05:00:00	16:10:00	32.10	73.17	1531 Buell Pass	7 Fuller Parkway	480	602	27	1
353	2011-03-08	04:15:00	10:33:00	10.08	119.91	90 Shoshone Park	4774 Moose Drive	148	296	19	2
354	2023-09-24	06:32:00	02:36:00	6.46	37.63	7008 Springview Alley	066 Dennis Parkway	62	131	1	2
355	2017-03-21	14:45:00	23:27:00	8.72	112.85	16884 Algoma Way	8663 Buell Drive	74	452	18	3
356	2023-07-06	16:31:00	16:20:00	11.16	168.04	5212 Schurz Trail	5 Morrow Park	182	479	38	2
357	2015-01-01	18:06:00	00:05:00	21.41	102.59	67324 Pearson Road	7825 Hintze Street	133	752	23	1
358	2016-09-24	23:26:00	12:03:00	6.51	146.85	58 Eastlawn Plaza	9 Hanson Crossing	420	286	21	1
359	2014-05-16	05:37:00	04:57:00	21.71	83.65	5997 Pierstorff Terrace	63054 Dixon Hill	417	37	33	2
360	2019-04-28	07:27:00	10:53:00	28.00	175.58	64 Carpenter Hill	21 Victoria Drive	334	276	8	3
361	2022-11-07	07:27:00	09:22:00	43.17	32.09	63 Barby Point	15400 Porter Lane	468	51	33	3
362	2011-03-06	10:05:00	13:45:00	44.98	175.13	32192 Lakewood Gardens Junction	08 Delladonna Park	381	672	5	2
363	2024-04-13	20:21:00	22:06:00	15.53	190.32	2873 Kenwood Lane	89491 Chinook Avenue	479	184	49	2
364	2020-08-16	22:14:00	02:04:00	7.18	155.59	89410 Schurz Court	69885 Tennessee Point	343	457	31	2
365	2016-02-03	04:31:00	21:04:00	21.93	149.65	0 Bobwhite Trail	69 Arapahoe Plaza	18	422	3	1
366	2017-04-26	06:15:00	05:51:00	39.25	165.06	8 Loeprich Terrace	87066 Karstens Court	365	511	20	3
367	2021-10-12	22:45:00	18:40:00	12.48	134.64	18 Anderson Way	34 Farwell Street	52	99	5	2
368	2024-01-14	13:59:00	10:23:00	5.73	36.91	59066 Melvin Terrace	0 Bobwhite Place	36	335	24	2
369	2021-11-11	14:40:00	20:09:00	15.74	127.41	9 Northwestern Trail	2 Ruskin Park	191	85	22	3
370	2015-07-09	09:33:00	09:07:00	38.84	83.78	803 Walton Way	0 Sutherland Circle	261	779	11	2
371	2020-02-03	12:26:00	14:20:00	10.09	69.91	85 Carpenter Drive	1 Namekagon Street	33	365	22	3
372	2012-05-21	06:18:00	16:29:00	38.87	120.71	7336 Summit Park	35 Sunfield Alley	381	484	27	1
373	2023-07-14	22:10:00	10:58:00	41.49	166.94	2459 Kingsford Place	1419 Mccormick Point	438	519	2	1
374	2010-03-19	19:52:00	14:37:00	1.40	115.40	6656 Wayridge Street	110 Mesta Center	187	721	27	2
375	2018-04-02	08:55:00	20:27:00	42.48	116.29	77 Algoma Hill	94 Pond Park	112	478	26	1
376	2017-11-08	15:30:00	08:09:00	1.28	197.22	441 Corry Park	8689 Ohio Pass	454	665	27	1
377	2018-01-27	02:17:00	16:59:00	14.55	126.38	82004 Buell Trail	5 Park Meadow Alley	87	302	43	1
378	2021-10-10	00:43:00	16:35:00	5.94	79.37	282 Merrick Lane	4 Milwaukee Court	424	22	30	1
379	2020-02-10	00:52:00	21:20:00	35.10	52.26	953 Hanson Trail	28417 Division Center	150	620	2	2
380	2020-05-22	08:53:00	19:53:00	26.79	70.16	73 Fordem Drive	74 Manufacturers Alley	10	798	27	3
381	2017-01-05	18:00:00	10:56:00	7.09	161.83	5 Golf View Trail	83 Service Avenue	234	709	21	2
382	2022-04-21	13:57:00	21:17:00	5.50	24.15	24 Gina Circle	903 Village Green Avenue	288	581	27	1
383	2021-11-08	04:25:00	09:24:00	15.33	57.45	26 Butterfield Way	53 Fulton Drive	157	738	16	3
384	2024-08-04	17:12:00	13:14:00	36.99	23.00	05215 Anniversary Terrace	51 Manitowish Place	274	769	30	3
385	2021-02-17	13:12:00	22:12:00	14.19	46.65	0 Onsgard Parkway	802 Pine View Way	98	91	47	2
386	2017-05-04	16:15:00	05:47:00	20.41	38.43	60 Sullivan Junction	02384 Sauthoff Lane	450	281	24	1
387	2022-08-27	13:58:00	17:51:00	6.81	167.63	0204 Pennsylvania Avenue	355 Gina Hill	285	338	6	2
388	2014-09-11	22:18:00	09:30:00	19.38	52.37	79 Farragut Plaza	419 Havey Plaza	299	96	20	2
389	2022-03-09	00:46:00	03:14:00	18.31	119.40	56917 Jackson Pass	04 Algoma Avenue	422	475	10	1
390	2023-10-10	16:00:00	00:09:00	20.38	115.89	547 Blue Bill Park Crossing	0612 Doe Crossing Alley	63	397	31	3
391	2011-10-19	19:56:00	12:04:00	2.24	186.69	31 Bunker Hill Way	6845 Elka Way	178	758	34	2
392	2014-09-06	01:24:00	04:31:00	1.82	169.97	125 Dwight Parkway	4677 Clemons Trail	273	210	19	2
393	2012-09-07	18:38:00	02:29:00	33.48	71.36	7 Rigney Place	3 Badeau Plaza	20	6	36	3
394	2020-01-15	15:40:00	11:45:00	27.00	58.99	1 Tennyson Court	2 Vahlen Point	92	744	5	3
395	2011-04-25	12:00:00	20:04:00	18.62	137.51	975 Cambridge Alley	3604 Valley Edge Place	469	585	2	1
396	2017-09-16	18:52:00	08:42:00	38.83	147.81	47769 Blackbird Pass	65913 Hoffman Trail	391	351	9	1
397	2012-04-11	17:14:00	16:23:00	29.86	131.71	0355 Melvin Plaza	6 Hovde Avenue	469	37	13	3
398	2011-08-23	11:19:00	22:36:00	18.07	106.03	41 Northview Drive	26 Mccormick Trail	180	285	36	3
399	2023-03-20	15:14:00	14:52:00	6.48	188.64	9337 Pond Lane	121 Straubel Road	351	55	4	3
400	2012-02-27	07:30:00	05:41:00	29.07	162.58	287 Orin Hill	1 Sycamore Crossing	86	336	16	3
401	2022-03-01	04:16:00	05:30:00	14.84	35.03	83 Gale Center	64 Park Meadow Circle	28	248	3	1
402	2010-02-21	23:10:00	21:51:00	34.93	107.21	968 Waxwing Lane	709 Nelson Alley	264	475	21	2
403	2012-12-25	02:33:00	07:26:00	34.84	100.91	0259 Quincy Point	0323 Birchwood Park	125	661	2	2
404	2023-09-06	18:24:00	03:06:00	4.58	168.46	4736 New Castle Drive	8 Colorado Lane	328	761	6	2
405	2015-01-07	16:22:00	06:27:00	40.39	84.05	5 Straubel Point	5986 Moose Plaza	413	702	39	1
406	2019-05-22	09:10:00	11:08:00	44.99	70.97	046 Rowland Park	431 Merry Crossing	254	67	13	3
407	2014-07-30	04:16:00	00:24:00	5.66	112.15	81 Steensland Junction	4233 Jackson Parkway	50	225	15	2
408	2022-03-26	18:47:00	20:04:00	15.11	129.94	600 Blue Bill Park Road	4599 Londonderry Road	323	545	24	3
409	2016-12-11	04:05:00	09:49:00	28.52	142.49	55 2nd Drive	4234 Arkansas Center	226	577	15	1
410	2019-12-29	21:15:00	12:23:00	15.23	102.92	88623 Buhler Hill	16122 Victoria Circle	385	586	45	3
411	2010-06-09	13:11:00	03:07:00	7.34	151.68	587 Helena Terrace	1 Clemons Alley	272	674	9	3
412	2021-07-04	07:05:00	19:56:00	9.92	81.10	44997 Sutteridge Hill	133 Jenna Circle	465	273	36	3
413	2010-03-02	17:56:00	16:44:00	38.64	103.73	217 Hudson Court	53659 Porter Road	147	565	14	2
414	2015-03-03	10:11:00	10:01:00	33.58	156.72	13974 Northport Way	86 Red Cloud Junction	248	353	1	3
415	2014-02-14	09:03:00	15:27:00	26.48	75.77	942 Morningstar Park	97185 Warner Lane	182	778	9	3
416	2017-06-12	23:53:00	01:38:00	32.45	126.56	9684 Buhler Terrace	47942 Laurel Lane	283	703	14	1
417	2024-11-11	18:44:00	09:11:00	22.34	43.60	945 North Place	778 John Wall Street	328	55	22	2
418	2024-12-14	11:33:00	02:02:00	15.75	164.98	1 Chinook Drive	1337 Maple Point	322	710	42	2
419	2010-12-20	01:29:00	09:38:00	35.12	126.03	3 Green Alley	63173 Calypso Drive	195	763	17	1
420	2012-10-30	00:33:00	16:41:00	17.44	28.49	48952 Lunder Plaza	991 Portage Place	11	792	6	3
421	2023-01-24	11:19:00	07:31:00	19.26	151.37	874 Vera Circle	0056 Utah Drive	184	410	11	1
422	2015-05-23	00:55:00	06:24:00	43.05	117.10	315 Vera Center	24017 Dovetail Point	279	288	26	1
423	2018-08-06	11:00:00	05:45:00	2.45	89.85	25633 Raven Plaza	1124 Meadow Valley Park	448	617	12	1
424	2014-03-10	11:46:00	05:40:00	26.11	191.75	6445 Milwaukee Trail	4 Weeping Birch Circle	177	488	31	2
425	2019-05-13	00:24:00	06:02:00	28.35	182.99	48226 Russell Pass	4 Hanover Junction	174	138	18	2
426	2024-06-16	05:27:00	08:16:00	16.66	159.28	65 John Wall Point	30 Coleman Place	29	188	30	1
427	2020-09-11	17:31:00	13:11:00	5.69	82.49	4570 Pearson Park	174 Green Lane	249	673	42	1
428	2023-11-16	08:00:00	22:12:00	9.91	82.61	8296 Maywood Court	4 Merry Way	259	732	47	2
429	2024-03-10	10:45:00	00:56:00	11.41	84.56	74 Ryan Lane	8 Summer Ridge Pass	362	545	8	3
430	2019-08-03	05:45:00	21:31:00	44.19	77.88	36 Summit Street	79066 Mosinee Crossing	82	703	1	2
431	2022-08-13	23:11:00	17:11:00	34.04	81.25	7 Miller Lane	7 Heath Pass	281	740	35	1
432	2017-04-28	16:46:00	12:43:00	31.28	188.09	19233 Vernon Road	4256 Waywood Road	370	18	43	3
433	2021-09-21	04:37:00	09:47:00	6.00	130.94	82 Summerview Avenue	1408 Barby Avenue	266	381	14	3
434	2016-04-19	14:34:00	03:20:00	34.98	151.43	77 Moose Drive	97233 Florence Trail	470	419	49	1
435	2019-05-19	20:57:00	22:24:00	25.54	183.15	06200 5th Crossing	72 Farmco Court	359	531	14	3
436	2016-02-27	18:24:00	15:16:00	20.95	115.43	1383 Fair Oaks Place	0497 Crest Line Trail	59	679	13	3
437	2014-01-07	20:18:00	01:46:00	32.28	102.81	1 Grim Junction	7 Blaine Avenue	167	786	49	3
438	2014-12-26	17:58:00	15:31:00	41.05	162.75	80 Harper Alley	955 Carberry Junction	228	658	27	2
439	2017-03-05	08:53:00	22:14:00	22.88	150.57	692 Lerdahl Crossing	474 Katie Crossing	216	33	4	3
440	2014-09-22	16:01:00	02:31:00	12.11	81.84	4928 Hoard Terrace	0947 Sherman Place	49	748	17	1
441	2013-10-14	09:36:00	06:54:00	20.34	171.04	51274 Milwaukee Alley	77 Lakewood Gardens Circle	173	105	23	2
442	2024-07-21	09:16:00	02:57:00	20.11	193.55	98 Kinsman Crossing	6 Continental Street	24	685	31	1
443	2024-08-25	17:26:00	09:04:00	8.98	76.54	5639 5th Lane	07 Moose Park	425	104	30	1
444	2020-06-27	09:17:00	06:04:00	20.62	116.93	0 Badeau Trail	66418 Mandrake Terrace	229	278	19	3
445	2014-12-07	04:34:00	22:37:00	34.10	190.41	1 Thackeray Circle	9481 Katie Street	299	779	12	1
446	2021-07-19	12:09:00	01:50:00	3.55	169.97	155 Jackson Terrace	92 Kim Trail	400	306	47	3
447	2024-06-22	09:01:00	02:28:00	22.26	32.22	3 Susan Road	4315 Ridgeway Plaza	29	685	25	1
448	2015-04-20	06:18:00	01:03:00	13.71	192.50	085 Texas Pass	62 Barby Crossing	354	50	28	2
449	2013-05-17	23:53:00	16:59:00	36.66	108.87	9 Farragut Road	1583 Hudson Place	40	603	46	3
450	2020-07-29	13:40:00	05:19:00	27.40	48.24	8 Golf Plaza	4081 Sachs Park	10	773	43	1
451	2015-10-20	12:52:00	15:04:00	1.95	184.29	74567 Monument Junction	822 Ridgeway Road	353	660	31	1
452	2021-04-11	14:18:00	18:09:00	22.47	173.04	23184 Loomis Terrace	00394 Prentice Trail	101	262	26	1
453	2024-04-08	11:52:00	10:28:00	4.90	32.47	3 Pierstorff Point	2 Elka Circle	18	385	15	2
454	2023-02-27	12:51:00	02:41:00	1.03	82.67	43 High Crossing Street	7 Mitchell Hill	134	520	15	3
455	2015-12-03	05:49:00	12:56:00	39.66	30.72	2051 Lukken Road	6 Clyde Gallagher Pass	66	735	6	3
456	2015-05-10	19:43:00	02:33:00	9.67	100.43	4 Shelley Street	348 Elmside Court	391	763	25	1
457	2012-12-26	04:14:00	11:04:00	18.48	68.88	45 Londonderry Park	642 Morningstar Junction	280	254	7	1
458	2024-10-11	16:45:00	08:25:00	15.82	111.17	617 Spenser Crossing	276 Corscot Lane	227	578	43	1
459	2018-11-06	02:44:00	18:47:00	20.15	119.37	21446 Stuart Terrace	7828 Evergreen Crossing	265	680	34	2
460	2017-12-06	14:59:00	16:06:00	19.77	131.94	6957 Haas Center	6789 Kensington Avenue	375	520	26	1
461	2010-08-03	06:23:00	18:12:00	34.21	149.58	55838 Vera Point	51 Amoth Plaza	439	391	6	1
462	2011-12-15	08:52:00	07:41:00	10.47	75.02	7 Green Avenue	99470 Jackson Hill	399	231	5	3
463	2016-01-16	00:33:00	04:45:00	12.14	85.44	41 Manley Point	897 Sunfield Crossing	419	321	20	3
464	2016-09-06	05:24:00	13:43:00	19.08	100.26	11 Roxbury Terrace	6 Vernon Park	222	601	19	1
465	2011-10-27	18:10:00	22:15:00	21.86	140.43	64756 Farmco Crossing	67 Coleman Parkway	274	179	40	1
466	2019-01-06	08:49:00	15:26:00	12.71	32.76	7 Chinook Road	74880 Melrose Hill	421	539	20	2
467	2024-03-18	21:15:00	07:49:00	10.89	168.62	1 Ryan Alley	70 Eastwood Lane	479	268	25	1
468	2015-11-06	23:19:00	18:04:00	13.30	47.06	23266 Comanche Hill	1 Corben Road	75	160	38	3
469	2022-07-29	01:20:00	09:19:00	13.77	145.68	02443 Browning Place	2429 Redwing Place	80	455	2	2
470	2016-12-04	16:07:00	02:30:00	10.89	113.90	9 Shoshone Junction	91907 Utah Way	230	502	22	2
471	2019-12-18	05:13:00	22:07:00	9.56	143.24	82 Magdeline Center	2 Clemons Drive	219	454	23	3
472	2014-08-20	17:53:00	01:58:00	24.51	130.17	3553 Dovetail Way	8 2nd Court	161	65	13	1
473	2018-12-18	04:21:00	01:42:00	4.20	28.99	07 Namekagon Alley	0 Donald Circle	446	141	49	3
474	2022-01-23	16:14:00	10:24:00	3.44	102.14	82 Bluejay Lane	2 Katie Center	392	565	11	3
475	2021-08-23	04:56:00	01:58:00	11.71	187.11	59 Roxbury Court	1034 Del Mar Circle	301	203	37	3
476	2020-11-28	19:12:00	05:15:00	28.40	134.62	22513 Scott Pass	185 Emmet Place	234	111	10	1
477	2019-02-05	03:49:00	08:44:00	4.72	164.65	952 Arrowood Junction	0975 Vidon Way	369	187	44	1
478	2018-08-03	09:32:00	13:36:00	6.35	21.44	60 Mallory Terrace	12344 Loomis Terrace	260	84	43	3
479	2013-12-16	03:40:00	17:12:00	39.97	140.66	55 Lerdahl Point	859 Bonner Street	75	719	44	3
480	2013-03-05	23:30:00	01:13:00	30.56	41.57	5101 Pearson Place	9150 Jenifer Drive	7	452	9	3
481	2016-11-26	14:00:00	20:10:00	39.88	131.53	1179 2nd Street	8 Becker Pass	265	754	46	2
482	2020-03-13	04:27:00	20:29:00	20.73	136.39	24935 Cambridge Place	0 David Park	142	19	29	1
483	2019-09-22	13:03:00	23:43:00	36.77	137.60	54905 Village Green Terrace	8 North Drive	41	139	44	1
484	2024-08-03	12:49:00	03:25:00	28.38	71.28	91071 Wayridge Junction	7 Toban Trail	401	652	20	3
485	2013-08-15	17:03:00	19:34:00	35.95	95.73	0 Delladonna Terrace	82 Superior Way	72	89	27	1
486	2021-12-28	09:17:00	19:59:00	9.55	49.84	1129 Lake View Way	2342 Dayton Trail	206	771	22	1
487	2021-06-12	04:32:00	04:57:00	5.03	111.81	72095 Garrison Trail	761 Stoughton Crossing	323	228	23	2
488	2010-10-25	19:49:00	10:32:00	40.82	196.48	5726 Vermont Parkway	43410 Buell Pass	455	331	30	1
489	2011-02-12	11:25:00	21:18:00	31.24	162.55	393 Reindahl Point	1902 Hermina Circle	103	65	25	3
490	2012-05-08	16:18:00	04:44:00	35.48	61.21	61808 Johnson Drive	2733 Cardinal Crossing	455	87	17	1
491	2012-03-27	18:33:00	15:57:00	38.21	173.44	0094 Sage Point	52288 Mockingbird Trail	499	128	13	1
492	2024-11-15	01:02:00	01:46:00	14.18	29.83	7238 Troy Trail	983 Dexter Plaza	74	554	28	3
493	2018-11-29	23:22:00	00:04:00	15.55	179.85	089 Buena Vista Terrace	80 Ronald Regan Plaza	56	38	6	1
494	2017-11-07	12:21:00	23:25:00	38.37	181.12	06 Maple Circle	1140 Starling Lane	337	605	3	2
495	2022-11-12	02:10:00	12:53:00	3.09	199.41	23148 Colorado Pass	08 Ridgeview Plaza	347	161	30	3
496	2017-05-28	14:27:00	09:21:00	32.09	138.86	5545 Bobwhite Alley	41993 Reinke Park	38	461	44	2
497	2011-02-17	14:30:00	11:02:00	26.06	78.00	4534 Dottie Center	774 Acker Avenue	183	240	32	2
498	2014-04-13	11:39:00	08:22:00	28.12	133.97	5 Carey Hill	70 Homewood Park	363	12	6	3
499	2021-01-03	00:22:00	08:10:00	29.88	107.50	7 Hermina Street	2 Scott Pass	413	378	24	2
500	2020-06-01	19:42:00	18:38:00	21.51	184.80	0 Charing Cross Center	21158 Hazelcrest Alley	454	326	16	2
501	2021-08-31	09:46:00	11:23:00	39.87	94.88	669 Portage Alley	98 Buena Vista Lane	473	361	8	3
502	2014-11-04	23:11:00	04:04:00	42.86	109.28	471 Mockingbird Crossing	07541 Old Gate Road	100	154	32	3
503	2018-12-19	18:04:00	17:53:00	9.23	106.54	5761 Emmet Avenue	9 Vermont Junction	294	308	9	1
504	2017-10-21	20:04:00	16:25:00	26.59	198.00	9345 Ilene Plaza	939 Sutteridge Trail	301	785	6	3
505	2017-11-04	09:29:00	14:48:00	3.80	110.98	00699 Thierer Way	1823 Wayridge Trail	32	195	41	3
506	2019-07-10	11:36:00	22:19:00	20.80	111.62	16 Sunfield Lane	940 Express Trail	238	682	40	3
507	2020-06-07	20:35:00	06:06:00	27.04	153.93	8 Carpenter Center	51 Pleasure Crossing	196	173	15	2
508	2012-03-27	08:10:00	13:42:00	30.48	154.85	5684 Division Court	9 Glacier Hill Alley	10	600	37	2
509	2018-02-09	08:53:00	20:16:00	29.49	70.42	728 Towne Junction	94 Lukken Pass	276	707	21	1
510	2023-04-02	11:25:00	22:19:00	1.34	77.97	3 Porter Pass	838 South Road	317	118	34	3
511	2023-06-14	08:26:00	09:25:00	39.38	102.83	947 Golf Course Plaza	13 Stone Corner Pass	282	628	24	2
512	2016-04-21	12:04:00	10:20:00	33.01	61.93	5654 Mariners Cove Avenue	0 Petterle Center	275	501	45	3
513	2012-03-24	22:12:00	04:11:00	18.77	136.09	4 Oakridge Parkway	6 Bunker Hill Court	54	594	30	1
514	2016-08-24	04:08:00	00:14:00	37.41	109.95	51 Southridge Lane	58 Warbler Pass	419	52	22	1
515	2019-12-14	03:09:00	08:24:00	44.89	169.24	84 Victoria Hill	48 Maple Crossing	281	793	31	1
516	2011-10-27	22:07:00	11:11:00	11.65	158.33	13 Lakewood Gardens Street	862 Mandrake Lane	299	624	29	1
517	2017-11-01	13:58:00	06:20:00	23.40	23.86	80374 Raven Avenue	7 Kinsman Avenue	341	416	49	1
518	2013-01-15	20:35:00	21:31:00	39.65	89.28	91 Colorado Way	10 Corben Circle	155	473	41	2
519	2017-01-05	09:50:00	15:18:00	24.65	134.19	62060 Charing Cross Avenue	05364 6th Way	6	288	35	3
520	2016-10-20	20:31:00	14:59:00	35.47	156.16	27835 Elgar Terrace	29 Riverside Way	314	422	29	2
521	2021-04-11	09:30:00	23:49:00	36.20	50.85	1 Talisman Terrace	4 Debs Street	384	367	14	2
522	2022-12-20	18:34:00	15:31:00	31.30	87.83	9 American Ash Terrace	1 Norway Maple Hill	351	512	17	3
523	2019-05-29	02:06:00	08:03:00	31.41	71.39	167 Main Crossing	8 Macpherson Lane	489	2	40	2
524	2016-01-20	23:57:00	06:33:00	13.63	132.09	99 Clove Plaza	3 Kedzie Circle	175	508	43	2
525	2013-02-05	00:20:00	04:43:00	12.87	85.93	549 Sugar Road	133 Glacier Hill Terrace	191	485	40	2
526	2021-01-04	05:29:00	23:41:00	24.02	41.13	99225 Stoughton Hill	296 Prairieview Way	169	712	42	2
527	2024-10-19	22:54:00	07:58:00	3.20	79.47	1 Duke Way	57229 Parkside Road	13	431	3	1
528	2011-01-31	08:08:00	00:39:00	1.93	53.35	10 Sunbrook Lane	4935 Harper Crossing	499	130	2	3
529	2022-09-24	00:36:00	13:05:00	25.78	170.89	90 Chinook Way	246 Thackeray Court	123	403	22	2
530	2010-07-07	21:41:00	20:39:00	35.72	181.88	8 Nancy Alley	86 John Wall Drive	21	235	36	3
531	2022-03-15	20:43:00	00:31:00	22.06	56.40	332 Sunnyside Court	41645 Kropf Hill	185	291	43	1
532	2011-09-30	06:34:00	03:22:00	38.47	105.65	19 Main Way	1880 Butterfield Pass	425	798	36	2
533	2013-10-05	20:02:00	12:14:00	40.62	182.82	5 Clove Center	92514 Bonner Trail	110	665	15	2
534	2010-03-25	14:01:00	21:50:00	27.11	35.65	03 Dennis Place	7 Fremont Pass	437	606	49	2
535	2020-09-28	10:40:00	10:13:00	8.19	39.37	223 Monterey Circle	667 Summit Trail	365	669	23	3
536	2018-10-23	13:11:00	14:32:00	18.21	100.37	910 Bellgrove Avenue	72 Cody Place	76	313	20	2
537	2021-05-03	21:05:00	10:21:00	24.29	193.53	95114 Fallview Trail	3234 Hagan Road	88	541	33	3
538	2011-05-27	20:48:00	21:19:00	24.31	145.20	605 Oneill Plaza	67953 Prentice Court	265	423	1	2
539	2019-11-14	21:42:00	01:28:00	18.02	132.20	712 Dakota Place	51691 Dawn Road	306	789	23	2
540	2020-03-27	05:17:00	03:40:00	9.64	85.47	85703 Mandrake Avenue	57 Oak Valley Drive	420	589	49	1
541	2013-02-15	14:25:00	09:39:00	2.09	104.62	20 Namekagon Center	7029 Oneill Point	451	334	40	1
542	2022-09-28	18:24:00	22:19:00	19.99	161.92	8 Kipling Street	1 Norway Maple Alley	246	675	49	3
543	2010-08-22	17:05:00	10:55:00	16.26	135.20	9 Dorton Crossing	04318 Union Point	43	544	19	3
544	2017-02-15	17:49:00	08:58:00	1.20	76.65	3 Pierstorff Point	05539 Hallows Pass	221	295	47	3
545	2021-07-02	15:42:00	19:32:00	15.25	170.36	60374 Merchant Court	018 Anzinger Parkway	213	81	37	2
546	2013-01-03	17:28:00	23:26:00	38.99	114.72	2379 Lotheville Parkway	1386 Vidon Road	242	722	26	3
547	2018-08-03	02:15:00	11:27:00	24.18	48.81	4 Prairieview Crossing	6 Burning Wood Road	135	225	32	1
548	2010-10-21	06:42:00	09:20:00	17.83	142.34	807 Spenser Road	953 Lake View Lane	228	665	38	3
549	2012-12-22	02:11:00	04:39:00	26.61	25.06	38 Birchwood Lane	43599 Hudson Way	441	698	25	1
550	2024-05-01	01:41:00	02:17:00	43.14	24.88	9 Larry Avenue	15794 Sunbrook Junction	198	675	15	2
551	2018-06-01	09:59:00	12:03:00	30.31	94.05	2 Menomonie Junction	6 Farwell Center	225	648	34	1
552	2014-06-17	12:47:00	01:21:00	34.04	98.54	445 Chinook Junction	07 Cherokee Lane	50	422	45	2
553	2020-12-12	17:37:00	18:59:00	36.97	81.71	2607 Melby Court	747 Susan Court	404	582	4	2
554	2022-09-16	13:42:00	12:26:00	19.97	181.82	3192 Johnson Alley	646 Monterey Drive	319	96	8	1
555	2021-01-25	10:59:00	18:37:00	29.74	159.54	8 Susan Point	993 Tennessee Trail	385	357	6	1
556	2014-07-31	14:38:00	16:57:00	22.11	25.08	84 Schiller Center	398 Rockefeller Street	85	475	33	2
557	2016-09-27	14:09:00	01:51:00	4.27	52.39	6578 Sloan Alley	3825 Esch Point	321	745	30	3
558	2019-01-21	22:13:00	07:07:00	13.12	77.45	68 Coolidge Center	25 Eastwood Court	440	125	45	3
559	2020-12-30	19:46:00	17:41:00	18.05	172.76	5 Judy Trail	1 Killdeer Junction	48	752	23	2
560	2021-02-22	06:51:00	07:50:00	14.74	178.60	2 Hanover Plaza	6255 Bowman Crossing	246	521	15	3
561	2014-05-24	07:53:00	01:30:00	25.11	123.47	86 Manufacturers Center	3 Lakewood Gardens Drive	85	658	35	1
562	2015-08-30	08:46:00	08:01:00	37.26	134.50	47327 Ridge Oak Lane	79 Ridgeway Court	302	601	8	3
563	2020-12-21	21:49:00	01:10:00	7.84	111.73	4199 Old Gate Center	1 Arizona Alley	62	294	49	1
564	2014-12-20	04:32:00	18:36:00	36.96	158.33	7381 Crowley Court	1783 Oneill Hill	116	580	30	3
565	2013-12-13	06:34:00	18:13:00	16.14	198.66	10 John Wall Terrace	57052 Kennedy Lane	161	377	3	2
566	2022-11-11	06:35:00	17:30:00	36.94	42.63	71703 International Terrace	42250 Buhler Center	13	540	3	2
567	2022-02-04	11:50:00	13:46:00	37.12	91.91	2367 Schurz Place	24 Utah Trail	340	131	33	2
568	2019-10-14	19:11:00	14:34:00	33.08	20.48	06 Granby Crossing	3654 Fairfield Park	387	294	40	2
569	2013-12-30	23:28:00	06:48:00	31.78	60.09	2002 Mcguire Street	02 Melvin Alley	406	401	17	2
570	2023-05-10	17:35:00	05:04:00	9.27	149.34	15 Randy Plaza	8830 Roth Place	479	97	7	1
571	2024-12-03	10:08:00	00:17:00	23.35	99.11	210 Loomis Point	1357 Golden Leaf Point	238	156	34	1
572	2024-03-23	16:24:00	13:29:00	36.22	159.70	7 Tomscot Pass	105 Eliot Way	475	474	38	1
573	2013-01-16	05:16:00	21:57:00	30.61	48.79	1829 Fair Oaks Alley	82206 3rd Park	486	14	48	3
574	2019-02-18	05:03:00	16:08:00	20.23	159.94	4 Mifflin Parkway	8 Moose Crossing	17	469	15	1
575	2016-01-17	15:55:00	11:18:00	21.45	82.51	60034 Lakeland Hill	560 Thackeray Hill	313	142	47	3
576	2014-04-06	15:36:00	04:24:00	14.70	182.74	999 Jenna Point	54933 Fieldstone Street	243	468	7	2
577	2011-10-08	06:00:00	08:14:00	29.95	101.81	91765 Knutson Crossing	90410 Meadow Ridge Hill	251	380	4	1
578	2019-08-08	14:34:00	15:33:00	27.80	40.07	24 8th Trail	9578 Haas Place	178	629	10	2
579	2018-10-17	03:41:00	21:36:00	19.51	47.94	93089 Carey Road	02 Oakridge Hill	115	152	5	2
580	2016-09-23	12:05:00	12:54:00	26.15	45.17	8867 Algoma Alley	2 Cambridge Drive	199	225	20	3
581	2023-05-13	02:30:00	23:30:00	16.26	61.50	90 Red Cloud Crossing	73146 Bonner Alley	435	314	48	2
582	2016-06-04	12:25:00	18:30:00	13.34	132.96	67313 Eliot Trail	9683 Dayton Place	189	532	26	3
583	2014-08-07	12:45:00	22:01:00	31.94	92.86	25 Leroy Center	655 Surrey Center	298	783	30	3
584	2013-03-11	00:21:00	18:44:00	2.01	115.71	835 Esker Point	569 Anderson Street	225	300	43	2
585	2015-02-23	20:11:00	04:25:00	6.73	25.22	853 Texas Crossing	7 East Place	127	683	13	2
586	2013-06-07	04:45:00	20:51:00	12.51	187.44	4 Texas Plaza	292 Park Meadow Way	71	592	21	2
587	2018-10-02	22:37:00	04:30:00	20.57	51.46	8668 Utah Center	70448 Little Fleur Avenue	226	620	42	1
588	2018-10-16	08:40:00	23:24:00	13.41	43.18	83805 Huxley Trail	65326 Crest Line Lane	376	123	18	3
589	2015-03-30	04:51:00	16:07:00	42.26	149.61	43009 Kedzie Road	3680 Commercial Place	332	151	14	2
590	2010-01-31	03:12:00	12:59:00	42.07	174.58	1 Basil Street	19891 Ryan Parkway	370	411	36	1
591	2022-06-12	19:11:00	13:38:00	5.44	152.07	8695 Scofield Alley	86348 Gina Road	95	733	2	3
592	2017-10-29	09:30:00	00:38:00	7.94	187.00	8 Autumn Leaf Court	10707 Alpine Trail	54	442	41	2
593	2020-12-08	02:57:00	20:18:00	18.73	149.74	1 Maple Wood Way	1717 Dahle Terrace	12	777	37	2
594	2015-12-02	01:02:00	11:33:00	26.16	143.85	80511 Fair Oaks Junction	3 Old Gate Place	294	514	14	1
595	2019-12-24	17:10:00	06:59:00	5.16	38.07	2 Crest Line Avenue	7209 Forster Street	119	233	44	2
596	2011-01-21	12:01:00	11:56:00	26.72	53.66	3 Hoepker Hill	617 Fairfield Way	333	85	46	2
597	2019-07-26	10:39:00	20:30:00	18.18	73.34	92912 Eagle Crest Avenue	9 Hayes Parkway	174	166	24	2
598	2021-03-28	10:56:00	22:57:00	5.70	96.30	2662 Clarendon Drive	980 Vernon Center	412	457	13	3
599	2019-01-31	15:08:00	00:37:00	6.61	188.36	017 Starling Road	04 Glacier Hill Court	299	648	19	2
600	2013-09-14	14:12:00	06:57:00	4.96	81.95	37 Delladonna Junction	28 Delladonna Terrace	17	486	22	3
601	2012-02-03	11:30:00	00:08:00	32.49	72.35	95875 Warrior Terrace	032 Di Loreto Drive	498	183	46	1
602	2011-12-20	04:38:00	05:31:00	39.61	52.43	60665 Buhler Trail	8404 Schiller Lane	479	635	3	2
603	2022-11-23	23:15:00	10:37:00	34.90	189.55	2929 Corry Avenue	314 Express Park	45	543	45	2
604	2018-12-28	02:59:00	13:38:00	41.25	184.66	63 High Crossing Point	27212 Towne Crossing	448	456	36	1
605	2019-02-28	20:35:00	04:40:00	8.39	129.42	35 Spenser Street	0510 Eastwood Street	115	347	34	2
606	2016-02-17	13:57:00	17:27:00	1.04	140.63	9 Artisan Parkway	45828 3rd Pass	468	674	41	3
607	2023-03-14	13:00:00	05:11:00	14.47	185.72	3 Mayfield Street	22628 Hudson Parkway	498	306	45	2
608	2010-10-25	03:59:00	02:35:00	23.07	186.68	2256 Lotheville Place	02640 Oak Valley Road	217	667	43	3
609	2023-10-26	17:30:00	06:18:00	13.56	114.99	59 Jackson Drive	24 Lakewood Gardens Circle	357	789	48	1
610	2011-06-22	20:02:00	02:28:00	12.70	166.88	0779 Columbus Hill	097 Bunker Hill Junction	121	334	34	3
611	2023-12-10	04:22:00	18:08:00	10.43	62.20	7166 Elmside Park	434 Sachtjen Plaza	45	789	23	2
612	2023-01-04	21:24:00	02:56:00	36.22	108.14	1378 Rowland Street	52 Troy Alley	288	276	38	1
613	2021-02-01	06:37:00	01:41:00	29.18	171.15	51234 Reindahl Place	67 Crownhardt Pass	267	511	3	2
614	2012-12-10	01:22:00	09:47:00	41.09	155.22	2 Ramsey Street	27 Ridgeview Street	205	8	11	2
615	2013-11-28	22:13:00	14:13:00	15.69	124.62	6032 Londonderry Hill	7 International Circle	276	244	36	3
616	2011-03-12	18:33:00	04:41:00	22.53	85.54	67056 Gulseth Plaza	11151 Hollow Ridge Road	413	724	17	1
617	2023-07-10	04:26:00	17:17:00	3.65	39.27	73671 Straubel Crossing	5549 Melody Park	214	119	18	3
618	2010-07-03	00:32:00	06:28:00	3.30	118.00	99 Spohn Avenue	32274 Prentice Terrace	411	572	6	2
619	2012-11-03	19:42:00	08:16:00	2.63	127.38	916 Clyde Gallagher Lane	5437 Golf Pass	381	93	42	2
620	2020-01-12	01:51:00	00:47:00	31.01	153.83	18796 Schurz Circle	5805 Marquette Way	388	104	20	1
621	2023-10-25	11:04:00	20:39:00	27.65	54.48	133 Ronald Regan Road	96262 Spohn Junction	11	434	28	1
622	2013-07-28	06:21:00	09:27:00	7.82	166.68	3 Hooker Court	2620 East Circle	113	52	25	1
623	2018-06-22	09:38:00	10:08:00	42.77	109.02	39 Dapin Plaza	21 Eastlawn Point	219	46	15	3
624	2019-03-28	11:58:00	02:28:00	3.43	97.79	84 Schurz Center	77274 Waywood Avenue	11	763	49	1
625	2022-12-31	15:03:00	13:55:00	22.16	106.41	485 Hoard Junction	059 Alpine Alley	401	794	46	3
626	2010-04-16	00:27:00	16:04:00	2.09	105.78	396 Norway Maple Park	4221 Blaine Street	157	625	47	1
627	2011-03-12	15:11:00	03:43:00	6.10	142.44	37744 Brentwood Trail	7912 Chinook Plaza	200	260	23	3
628	2016-03-13	09:06:00	10:26:00	2.13	88.25	228 Corben Place	4 Prairieview Hill	284	719	10	2
629	2011-11-22	12:42:00	20:01:00	44.71	35.55	3 Vera Way	56225 Larry Terrace	68	287	38	1
630	2014-10-28	08:19:00	18:28:00	28.57	110.13	156 Oak Valley Point	908 Muir Pass	265	531	7	3
631	2020-08-11	06:29:00	00:41:00	31.44	126.38	51542 Columbus Junction	0 Lakewood Alley	56	72	32	2
632	2020-04-06	16:14:00	06:55:00	20.39	24.70	7193 Heffernan Drive	0257 Lyons Lane	354	698	27	3
633	2022-05-10	00:39:00	06:59:00	15.14	55.14	59926 Monica Street	1694 Saint Paul Point	369	573	18	1
634	2012-07-03	02:34:00	06:36:00	19.03	37.54	57892 Declaration Terrace	64626 5th Street	230	792	15	2
635	2020-03-12	17:49:00	04:09:00	22.40	100.31	8 Drewry Court	4140 Sutherland Alley	451	566	32	1
636	2017-01-31	21:03:00	12:52:00	35.78	123.75	5 Lakeland Pass	3532 Bellgrove Avenue	398	672	11	3
637	2017-08-05	07:33:00	12:21:00	19.90	92.99	04849 Thierer Trail	2883 Judy Hill	130	759	48	3
638	2017-05-12	05:47:00	16:03:00	21.83	98.88	2008 Luster Avenue	74 Sullivan Lane	157	231	10	2
639	2021-04-10	07:56:00	16:09:00	26.48	154.88	9 American Ash Trail	1809 Fuller Terrace	155	179	27	3
640	2011-03-25	20:18:00	05:26:00	2.42	77.82	5 Hagan Pass	61616 Shasta Terrace	419	631	3	1
641	2021-09-21	21:07:00	09:08:00	4.81	72.70	614 Fair Oaks Junction	6065 Heath Circle	389	233	27	2
642	2018-05-10	23:51:00	00:31:00	42.51	70.66	4424 Bowman Junction	92568 Arrowood Park	112	84	9	1
643	2012-04-19	15:07:00	03:48:00	40.19	149.93	56498 Aberg Hill	2271 Muir Hill	364	99	33	2
644	2022-03-27	19:04:00	15:10:00	41.83	67.97	63 Carey Hill	4440 Weeping Birch Center	312	481	48	2
645	2018-08-04	17:53:00	15:16:00	14.79	46.11	360 Alpine Alley	41 Kings Point	458	637	24	1
646	2015-10-05	08:56:00	12:58:00	1.62	172.29	22521 Heffernan Terrace	2925 Drewry Lane	423	764	43	1
647	2023-01-21	00:35:00	18:53:00	1.50	97.72	685 Graceland Parkway	25 Loftsgordon Center	465	1	26	3
648	2020-12-14	18:04:00	08:18:00	30.44	128.98	80809 Duke Circle	1 Claremont Circle	32	100	12	3
649	2022-09-11	05:45:00	04:50:00	34.79	127.61	13190 Del Mar Road	2 Maple Terrace	64	656	47	1
650	2016-09-18	16:24:00	07:03:00	16.61	149.91	10 Village Green Park	46871 Mandrake Trail	244	648	49	1
651	2014-04-29	05:17:00	03:21:00	9.27	96.37	9 Buhler Drive	486 Iowa Court	416	637	45	1
652	2018-12-18	10:38:00	01:55:00	17.87	191.25	23 Messerschmidt Alley	3474 Bluestem Parkway	15	111	29	2
653	2017-10-15	03:43:00	19:16:00	24.34	131.13	3670 Service Road	862 Esker Point	379	586	23	1
654	2023-02-12	00:28:00	02:42:00	17.72	64.73	237 Golf View Point	4799 Scott Point	228	26	8	3
655	2014-08-11	12:22:00	05:42:00	16.22	54.33	7454 Shasta Parkway	50634 Sutteridge Avenue	150	214	35	1
656	2010-12-09	08:56:00	23:23:00	8.98	82.17	00054 Buell Terrace	0 Quincy Circle	58	508	45	3
657	2020-01-29	12:13:00	17:17:00	10.66	43.29	93 Service Avenue	36812 Goodland Place	373	122	26	1
658	2015-10-26	04:30:00	10:45:00	19.42	50.38	51468 Sugar Circle	7 Express Center	145	379	30	3
659	2014-10-07	19:25:00	20:29:00	12.66	199.43	25 Cody Road	904 Declaration Place	385	334	16	2
660	2016-03-24	16:36:00	23:46:00	20.77	32.23	73 Luster Circle	07 Corscot Avenue	18	626	30	2
661	2014-06-29	04:58:00	07:53:00	42.69	167.09	78 Redwing Parkway	5 Sage Pass	276	288	39	3
662	2010-05-28	20:03:00	09:08:00	36.75	173.63	2084 Petterle Hill	730 Merry Trail	26	612	17	3
663	2015-06-17	23:53:00	03:20:00	10.85	183.09	6 Hallows Lane	305 Maryland Crossing	489	675	14	3
664	2013-07-16	18:24:00	03:37:00	41.71	60.13	08050 Amoth Parkway	235 Merchant Circle	197	734	15	3
665	2022-09-04	16:41:00	05:45:00	14.64	69.84	94 Vahlen Way	734 Daystar Place	411	212	30	2
666	2013-05-23	22:34:00	10:29:00	31.21	188.61	1 Talisman Alley	8498 Meadow Vale Street	165	613	22	3
667	2024-05-20	02:34:00	23:24:00	32.59	132.66	5 Clove Terrace	8429 Graedel Parkway	460	671	15	3
668	2017-08-10	17:56:00	07:22:00	22.28	170.96	044 Crescent Oaks Court	40184 Buhler Way	105	356	41	2
669	2015-02-12	12:12:00	21:48:00	38.98	112.63	6088 Longview Park	97659 Jay Circle	348	554	23	2
670	2015-04-24	18:03:00	09:20:00	31.06	149.44	29437 Nelson Drive	2275 Oakridge Way	68	495	1	3
671	2017-03-25	06:15:00	14:47:00	35.17	199.71	25243 Scofield Trail	999 Loomis Alley	204	23	38	2
672	2014-12-20	09:54:00	00:16:00	31.97	143.43	074 Victoria Way	66 Manufacturers Center	106	121	21	2
673	2022-09-08	20:11:00	04:00:00	22.05	82.95	800 Hoard Park	80 Lillian Center	218	497	21	2
674	2015-05-10	03:23:00	16:15:00	12.75	162.91	2610 Summerview Terrace	4 Iowa Place	443	53	33	3
675	2013-09-17	20:52:00	08:23:00	14.54	90.90	04 Shelley Street	802 Clove Circle	448	284	30	1
676	2010-02-20	04:12:00	14:26:00	19.11	106.86	034 Gale Park	090 Marquette Court	234	366	6	2
677	2023-07-06	07:48:00	19:17:00	7.09	148.35	40 Montana Terrace	90 Lakewood Gardens Road	445	269	38	3
678	2016-06-08	04:36:00	07:51:00	3.10	131.03	67 Katie Point	286 Melrose Plaza	146	640	2	1
679	2017-09-08	09:37:00	10:25:00	3.19	22.80	892 Atwood Point	30 Butterfield Pass	383	295	11	1
680	2022-06-09	06:38:00	12:27:00	31.85	72.73	5597 Summerview Avenue	8 Lakewood Hill	482	450	2	1
681	2022-06-07	11:21:00	19:06:00	26.87	100.07	1154 Gale Center	484 Eastwood Avenue	363	257	27	2
682	2014-11-12	11:23:00	14:32:00	42.41	137.84	246 Algoma Court	362 Sunfield Way	136	467	22	3
683	2017-02-12	06:23:00	02:28:00	4.66	96.35	0 Thackeray Point	0484 Cherokee Crossing	156	633	2	2
684	2010-05-07	18:33:00	14:07:00	13.47	32.94	271 Bartelt Parkway	990 Petterle Lane	253	605	34	3
685	2021-11-12	18:00:00	04:04:00	31.33	134.73	222 Mifflin Point	2 Mallory Point	473	314	31	1
686	2017-05-11	21:54:00	22:30:00	6.74	90.48	4 Reindahl Hill	62 Butternut Parkway	475	715	23	1
687	2020-06-16	05:05:00	11:05:00	3.24	84.62	93 American Center	27 Mesta Center	336	645	46	2
688	2012-05-29	02:20:00	18:13:00	19.45	53.82	86 Pankratz Drive	64 Derek Street	18	74	37	3
689	2013-01-24	00:10:00	17:11:00	39.13	60.32	8 Stuart Pass	1247 Mitchell Parkway	280	192	49	1
690	2015-10-29	20:51:00	15:11:00	29.22	185.08	2 Boyd Trail	514 Holmberg Plaza	30	719	42	3
691	2010-12-02	03:50:00	08:08:00	8.55	152.49	271 Gateway Center	8548 Glendale Crossing	288	439	10	3
692	2010-02-09	11:05:00	23:04:00	31.09	52.19	8 Alpine Circle	705 Evergreen Lane	176	743	46	3
693	2019-09-15	16:07:00	00:38:00	26.22	54.75	5867 Birchwood Center	41 Clemons Lane	439	483	46	1
694	2010-12-04	22:56:00	06:14:00	11.21	94.46	2961 Canary Terrace	42112 American Ash Point	330	610	11	2
695	2014-09-18	09:25:00	15:15:00	15.08	31.70	0715 Rigney Way	928 Utah Crossing	29	7	1	3
696	2020-12-15	19:13:00	18:48:00	31.77	128.54	67742 Meadow Ridge Hill	9420 Northwestern Junction	265	570	36	1
697	2024-01-02	09:50:00	06:42:00	4.05	150.80	648 Bobwhite Junction	881 Loomis Terrace	57	320	26	3
698	2012-09-30	03:32:00	20:24:00	17.14	160.28	7 Fulton Circle	8225 Daystar Hill	238	267	27	3
699	2017-01-29	14:07:00	05:47:00	18.11	167.93	86874 Melvin Point	0040 Maryland Pass	420	364	44	1
700	2014-09-01	17:07:00	06:45:00	21.81	172.52	26764 Canary Parkway	6970 Marquette Alley	334	215	30	1
701	2022-01-04	13:12:00	15:01:00	39.77	168.49	49557 Eggendart Avenue	9 New Castle Park	197	482	49	3
702	2014-07-05	16:19:00	16:48:00	10.52	123.18	4 Lawn Court	625 Kropf Street	244	196	13	2
703	2021-02-14	18:11:00	10:27:00	38.53	99.45	59871 Dexter Alley	77 Hollow Ridge Drive	336	614	48	1
704	2017-01-24	02:59:00	04:16:00	9.44	198.25	40 Crescent Oaks Parkway	2 Gulseth Crossing	424	62	26	3
705	2020-02-10	07:44:00	22:10:00	31.00	23.87	3179 Stoughton Parkway	92 Algoma Circle	46	250	36	3
706	2018-11-06	19:50:00	22:38:00	3.60	129.40	76 Raven Circle	6 Corscot Court	5	487	26	2
707	2016-01-27	07:15:00	23:16:00	2.24	75.38	59 Hanson Avenue	2882 Reindahl Hill	60	306	26	2
708	2013-09-11	20:28:00	20:27:00	13.70	179.40	14 Northport Circle	1090 Beilfuss Crossing	327	635	44	2
709	2024-04-20	09:13:00	15:33:00	38.37	120.48	81 Menomonie Plaza	3146 Johnson Parkway	309	411	4	1
710	2016-06-11	07:17:00	13:52:00	44.18	108.77	12 Sundown Junction	37 Maple Junction	160	509	43	3
711	2019-03-23	16:22:00	19:17:00	34.61	114.00	1846 Lillian Park	7968 Moose Avenue	481	584	45	3
712	2021-05-10	17:40:00	22:44:00	41.53	189.26	3 Quincy Crossing	003 Mariners Cove Center	260	160	17	2
713	2023-10-03	23:21:00	17:04:00	5.08	181.69	91258 Acker Way	5 Delaware Park	414	6	34	3
714	2015-09-04	17:25:00	17:03:00	26.43	72.61	7014 Merry Lane	75605 Dayton Trail	183	263	45	1
715	2018-01-16	10:08:00	18:49:00	39.06	169.55	0766 Farwell Trail	30 Riverside Alley	28	227	20	1
716	2022-10-20	15:12:00	05:12:00	30.13	38.71	76 Swallow Hill	54 Carioca Avenue	126	87	32	2
717	2016-08-24	17:44:00	07:28:00	24.04	88.19	2957 Dayton Lane	8123 Jay Lane	289	166	2	1
718	2014-07-04	06:19:00	16:30:00	31.67	150.21	98 Namekagon Junction	37 Brown Parkway	137	616	35	2
719	2017-10-09	14:32:00	21:39:00	7.27	137.35	6 Dunning Alley	143 Welch Drive	3	589	48	1
720	2017-01-26	18:39:00	23:04:00	16.21	52.68	4297 Merrick Hill	80827 Fair Oaks Center	496	112	43	3
721	2015-08-27	17:52:00	13:47:00	39.92	127.35	14437 Duke Plaza	427 Twin Pines Point	282	540	26	3
722	2012-07-16	08:55:00	15:54:00	33.74	118.31	5633 Algoma Point	856 Kim Hill	461	159	24	3
723	2013-03-31	21:13:00	04:52:00	18.33	71.21	81992 Bayside Place	2 Forest Avenue	2	37	25	2
724	2016-05-16	19:25:00	22:52:00	17.43	98.11	246 Schlimgen Point	50375 Fallview Court	92	375	46	3
725	2014-08-16	17:33:00	19:27:00	12.54	132.64	9 Utah Junction	37 American Lane	105	320	27	2
726	2012-05-25	17:29:00	04:54:00	38.22	47.87	4 Morning Parkway	93947 Truax Court	490	366	39	2
727	2021-04-14	21:22:00	16:19:00	5.56	149.43	8013 Hudson Plaza	7488 Pond Junction	413	145	37	2
728	2023-12-27	13:52:00	15:29:00	8.01	105.90	2608 Vermont Trail	0454 Schiller Alley	60	202	30	2
729	2024-11-23	06:45:00	21:34:00	26.37	198.00	70 Main Trail	384 Golf View Circle	286	601	37	3
730	2012-09-12	05:01:00	12:02:00	22.93	133.31	4651 Bunting Junction	0069 Macpherson Lane	82	433	23	3
731	2021-03-01	22:41:00	04:13:00	38.95	191.16	86 Hallows Street	2861 Dixon Court	352	514	39	1
732	2021-05-17	12:14:00	07:17:00	39.70	143.59	5139 Lakewood Gardens Way	7 Sugar Hill	117	498	22	1
733	2011-03-10	20:45:00	13:35:00	3.27	101.71	4 Schlimgen Trail	472 Mitchell Parkway	431	339	10	1
734	2021-01-20	12:31:00	18:00:00	5.65	60.72	03 Twin Pines Lane	88 Maryland Lane	113	406	24	3
735	2023-02-25	17:29:00	14:41:00	27.15	21.85	625 Golf View Court	1 Hayes Pass	171	593	18	3
736	2019-01-01	21:13:00	23:35:00	13.49	73.05	940 Annamark Terrace	58 3rd Place	464	716	19	3
737	2010-05-30	22:30:00	00:18:00	15.59	119.66	89893 Fallview Plaza	0 Katie Drive	361	681	6	2
738	2015-12-30	20:09:00	18:41:00	5.20	98.09	329 Fremont Trail	75 Marcy Road	77	543	23	1
739	2015-06-26	02:42:00	10:59:00	14.98	111.55	448 Burrows Hill	4910 Utah Place	237	555	40	1
740	2022-02-23	09:04:00	01:36:00	22.29	21.45	85 Petterle Parkway	54 Reinke Circle	89	324	36	3
741	2024-02-29	08:40:00	18:03:00	40.63	125.60	06 Memorial Trail	5491 Lukken Road	169	437	8	1
742	2015-03-30	01:06:00	18:23:00	9.41	186.83	4 Bartillon Circle	06 Hanover Center	485	342	19	3
743	2013-08-11	09:33:00	01:38:00	40.37	82.73	948 Karstens Terrace	61 Oneill Center	7	422	29	3
744	2017-04-08	04:17:00	11:52:00	22.57	151.51	961 Saint Paul Circle	7 Tomscot Alley	89	319	18	1
745	2017-04-12	02:48:00	23:14:00	38.38	77.02	0 Buell Hill	94085 Dryden Terrace	492	664	5	2
746	2023-12-13	14:10:00	23:09:00	34.20	27.33	6621 Duke Street	487 Boyd Alley	331	44	34	3
747	2018-02-24	15:50:00	05:55:00	13.42	110.91	2 Haas Hill	39790 Bowman Street	206	18	23	3
748	2022-02-17	10:55:00	19:16:00	36.27	106.75	44 Vahlen Hill	3440 Clarendon Road	197	699	28	1
749	2015-07-04	10:47:00	16:44:00	23.38	59.55	237 Delaware Place	1138 Lawn Alley	91	326	16	3
750	2017-11-08	08:22:00	12:06:00	18.01	29.71	131 Oxford Alley	5645 Kinsman Circle	288	757	43	1
751	2010-07-13	04:44:00	09:43:00	44.98	134.86	6 Delladonna Way	3 Old Shore Park	405	612	18	1
752	2020-04-11	20:16:00	23:23:00	35.94	35.33	00 Meadow Valley Circle	140 Lindbergh Plaza	334	85	40	1
753	2017-06-29	08:56:00	08:05:00	14.39	143.01	1148 Glendale Park	77 Cardinal Terrace	134	240	49	3
754	2014-04-24	02:37:00	08:59:00	25.12	112.02	170 Drewry Point	908 Fremont Circle	330	696	4	1
755	2012-05-04	13:05:00	23:49:00	32.62	88.45	627 Porter Terrace	8 Main Lane	486	211	32	1
756	2015-06-02	02:14:00	00:06:00	19.63	98.67	25 Grim Junction	79 Northridge Crossing	476	37	25	2
757	2019-05-04	07:25:00	14:47:00	15.15	141.39	07 Lien Park	1123 8th Road	188	103	18	3
758	2022-10-27	01:45:00	03:43:00	37.70	97.68	83692 6th Junction	11761 Rowland Road	394	438	42	1
759	2020-11-21	17:36:00	17:03:00	6.62	28.28	2 Manley Court	8443 Merry Avenue	492	286	42	3
760	2012-12-22	07:06:00	05:38:00	43.51	52.09	9785 Vidon Trail	3 Morningstar Terrace	366	152	29	2
761	2022-08-19	13:43:00	04:59:00	8.28	128.24	3857 Mcguire Drive	86760 Quincy Circle	448	707	31	1
762	2012-02-15	20:50:00	01:32:00	27.90	159.89	1 Rusk Terrace	426 Tennyson Lane	486	334	13	2
763	2013-12-03	10:45:00	00:24:00	43.04	176.42	4257 Vera Alley	613 Cambridge Court	221	624	25	3
764	2015-04-16	13:19:00	09:13:00	5.45	96.94	3 Autumn Leaf Lane	90 Anniversary Plaza	308	529	27	1
765	2016-04-06	01:25:00	15:09:00	33.59	46.50	087 Bellgrove Parkway	872 Arapahoe Alley	144	744	45	2
766	2013-03-08	11:10:00	04:05:00	15.73	34.39	4 Stoughton Junction	5 Petterle Street	352	120	44	3
767	2022-09-20	19:23:00	18:16:00	8.14	131.45	1918 Gulseth Point	82162 Kipling Terrace	249	241	2	1
768	2024-07-09	06:34:00	21:48:00	10.42	172.55	68 Northview Trail	3 Thierer Hill	318	342	37	2
769	2018-07-30	15:36:00	23:06:00	36.05	175.77	0267 Bultman Point	370 Troy Avenue	381	75	17	3
770	2018-03-04	15:29:00	18:12:00	20.71	124.66	20066 Portage Court	31 Di Loreto Alley	355	193	21	2
771	2013-10-06	07:52:00	17:43:00	7.94	85.02	65551 Butternut Lane	7807 La Follette Street	372	650	33	2
772	2019-04-02	03:56:00	14:28:00	2.45	31.34	36 Mallory Center	056 Katie Lane	9	75	8	1
773	2012-08-27	06:16:00	07:10:00	32.47	61.62	09 Hansons Drive	2407 Namekagon Hill	441	652	22	3
774	2011-06-17	19:50:00	15:55:00	10.58	87.57	52872 Tomscot Court	9082 Pierstorff Place	330	672	42	3
775	2018-10-03	13:31:00	00:50:00	32.73	54.02	867 Westport Alley	7248 Little Fleur Drive	67	633	46	3
776	2019-09-02	22:30:00	09:13:00	42.21	126.59	4 Dovetail Plaza	26 Stoughton Point	182	740	29	3
777	2022-05-08	20:52:00	21:19:00	6.33	65.07	1 Sommers Trail	9368 Sutherland Point	117	156	19	3
778	2023-10-28	04:40:00	14:30:00	42.67	28.63	0 Bultman Trail	02 Continental Plaza	243	785	31	2
779	2020-06-12	13:00:00	08:38:00	25.06	140.79	98799 Meadow Vale Terrace	468 Blue Bill Park Drive	160	369	5	3
780	2011-07-29	03:49:00	14:11:00	23.65	44.81	62919 Texas Way	9 Hintze Junction	77	541	22	3
781	2018-02-28	07:10:00	21:32:00	12.27	25.15	79328 Homewood Park	46 Hooker Avenue	274	223	39	3
782	2012-12-06	18:49:00	11:21:00	30.63	27.29	06188 Hovde Avenue	4888 Kennedy Circle	77	693	24	1
783	2017-12-13	21:42:00	08:18:00	31.16	34.82	841 Sunbrook Alley	506 Dovetail Avenue	134	113	41	1
784	2011-12-21	21:33:00	05:23:00	36.69	105.16	1673 Rutledge Terrace	1 Packers Way	372	558	24	2
785	2016-08-27	23:54:00	18:10:00	36.77	90.64	7 Lindbergh Park	64 Barby Road	419	217	16	3
786	2018-07-29	17:21:00	14:54:00	21.77	86.25	72259 Truax Alley	93 Porter Park	155	658	35	1
787	2017-06-01	03:01:00	13:12:00	17.92	164.21	221 Kim Lane	256 Stang Plaza	313	63	24	1
788	2017-12-02	15:20:00	13:14:00	34.93	175.65	25941 Lillian Street	8598 Fairfield Drive	161	752	37	1
789	2020-11-18	02:24:00	06:51:00	22.69	190.37	4824 Burning Wood Terrace	2 John Wall Crossing	469	681	35	1
790	2010-05-18	18:17:00	09:47:00	12.07	41.59	3 Blue Bill Park Crossing	2 Pennsylvania Parkway	291	123	16	1
791	2010-11-10	06:35:00	23:14:00	9.26	109.37	553 Sloan Terrace	305 Meadow Ridge Street	334	54	41	2
792	2011-05-30	18:21:00	07:00:00	8.29	33.07	4 Green Ridge Place	547 Summit Plaza	378	198	16	2
793	2021-01-17	08:33:00	03:08:00	21.19	21.12	2 Scoville Hill	18 Carberry Parkway	368	792	38	2
794	2024-05-22	09:16:00	09:58:00	36.23	95.87	07 Prairie Rose Drive	97334 Bluestem Plaza	135	104	43	1
795	2021-06-27	09:51:00	04:15:00	44.99	164.18	106 Calypso Hill	6634 Mayfield Trail	295	156	47	2
796	2011-10-11	01:36:00	16:52:00	19.14	190.98	61443 Donald Point	7 Barnett Terrace	248	333	3	2
797	2023-08-19	18:03:00	13:25:00	34.11	36.59	39726 Nancy Road	063 Prairie Rose Court	84	613	11	2
798	2011-11-02	02:10:00	03:23:00	32.80	82.97	878 Crownhardt Junction	5 Granby Way	461	578	36	2
799	2018-03-20	08:39:00	17:39:00	37.16	68.21	06926 Autumn Leaf Way	771 Northland Park	426	499	9	3
800	2018-04-21	17:10:00	10:30:00	18.14	55.27	358 Granby Court	9 Pennsylvania Point	186	580	3	1
801	2016-02-01	18:49:00	06:43:00	29.09	40.38	83 Rieder Pass	244 Erie Hill	139	282	5	3
802	2024-04-30	20:43:00	00:56:00	9.42	57.09	1 Jana Street	3652 Vidon Alley	313	638	19	3
803	2010-09-13	22:37:00	18:04:00	10.33	175.38	4427 Daystar Road	32213 Weeping Birch Pass	313	297	5	1
804	2013-01-02	11:54:00	00:38:00	8.16	31.17	69331 Florence Court	2 American Ash Pass	338	437	43	1
805	2023-07-25	13:14:00	13:02:00	2.86	37.66	25 Crownhardt Plaza	92 Sherman Trail	264	600	36	2
806	2013-05-08	02:20:00	15:35:00	32.83	88.83	9 Randy Drive	153 Golden Leaf Circle	315	175	29	2
807	2019-07-19	14:46:00	19:02:00	28.75	189.23	424 David Hill	05 Pennsylvania Drive	372	686	32	3
808	2015-07-22	10:00:00	10:42:00	15.83	93.96	3 Green Pass	478 Prairie Rose Point	431	559	49	2
809	2015-11-27	08:33:00	11:50:00	28.15	81.68	704 Meadow Ridge Center	6 Loftsgordon Alley	52	187	32	3
810	2019-07-11	16:37:00	12:38:00	13.98	52.63	47 Homewood Point	7 Banding Pass	379	80	21	1
811	2020-08-03	21:00:00	08:33:00	16.00	35.85	7 Columbus Drive	81613 John Wall Parkway	23	634	36	2
812	2015-11-18	01:41:00	20:07:00	7.30	53.66	85775 Hallows Hill	754 Dixon Avenue	273	712	12	1
813	2014-12-12	10:36:00	00:07:00	39.38	100.90	77068 Shoshone Terrace	68 Blackbird Plaza	417	713	42	1
814	2020-10-23	11:54:00	19:36:00	34.08	114.33	80444 Pond Hill	27472 Laurel Way	149	239	29	3
815	2021-06-21	19:19:00	12:51:00	41.73	93.33	66765 Talisman Drive	47 Fulton Trail	186	633	17	3
816	2023-04-29	11:24:00	18:02:00	16.49	96.49	52 Bellgrove Court	29789 Thierer Lane	148	9	10	1
817	2019-06-04	02:11:00	08:04:00	5.03	185.21	85492 Coleman Terrace	9 Burrows Lane	424	559	7	3
818	2024-06-27	23:52:00	01:58:00	41.55	59.44	3783 Quincy Drive	673 Melvin Parkway	118	613	11	3
819	2024-02-11	15:25:00	07:35:00	32.09	112.95	41155 Tennessee Place	81 Superior Street	261	385	4	2
820	2017-07-02	03:27:00	02:32:00	37.31	27.58	226 Rieder Court	3 Troy Plaza	109	519	3	3
821	2019-09-26	23:57:00	00:07:00	3.59	102.68	135 Riverside Circle	97 Del Sol Terrace	451	254	42	3
822	2019-08-03	03:08:00	22:56:00	15.49	54.15	40301 Clarendon Trail	52436 High Crossing Trail	199	791	12	3
823	2019-04-02	03:35:00	07:54:00	14.60	137.11	41420 Emmet Road	40658 Merchant Alley	432	770	12	2
824	2023-11-15	12:46:00	23:17:00	22.49	192.63	2 Merrick Way	17 Aberg Terrace	88	152	42	3
825	2015-11-23	08:05:00	18:03:00	24.14	97.15	19709 Kim Terrace	8 Iowa Point	84	271	23	3
826	2023-12-13	13:45:00	21:16:00	1.64	73.49	35 Mariners Cove Trail	197 Ryan Drive	58	316	14	1
827	2019-04-08	13:30:00	13:44:00	5.95	25.82	617 Schiller Street	8706 Homewood Plaza	37	385	37	1
828	2023-03-25	15:07:00	02:59:00	22.75	197.22	07 Garrison Road	85099 Spohn Circle	445	207	33	3
829	2015-09-13	15:49:00	13:26:00	40.48	32.69	3 Eastlawn Point	65592 Old Gate Avenue	150	572	18	2
830	2011-07-17	12:53:00	23:32:00	2.09	85.48	455 Sommers Alley	795 Grim Junction	471	236	22	1
831	2012-11-08	15:43:00	00:52:00	12.65	49.34	593 Gale Alley	61526 Mcbride Crossing	128	739	49	3
832	2017-01-23	02:28:00	16:09:00	25.69	41.82	48 Golf Hill	1079 Clemons Junction	406	629	10	3
833	2020-09-18	14:01:00	18:44:00	36.59	65.59	04115 Bunting Drive	4 Monica Point	118	78	24	3
834	2013-10-30	00:35:00	18:05:00	20.91	170.13	47 Oxford Circle	5 Coleman Avenue	392	594	45	2
835	2014-06-16	19:07:00	06:02:00	11.87	82.92	1 Wayridge Parkway	6 Rutledge Point	181	591	41	1
836	2010-12-29	06:56:00	23:32:00	17.71	45.23	0 Nelson Crossing	19350 Nobel Hill	250	364	27	3
837	2013-06-12	20:53:00	22:37:00	40.11	141.37	92235 Mayer Crossing	31890 Ridgeview Way	176	94	47	1
838	2012-12-29	00:25:00	15:48:00	24.28	64.33	0256 Loftsgordon Trail	28789 Gina Point	212	678	5	1
839	2024-12-13	07:41:00	15:57:00	12.10	131.07	880 Morrow Junction	3421 Marcy Avenue	86	774	16	3
840	2019-05-02	05:45:00	21:14:00	24.45	119.36	077 Fieldstone Terrace	10477 Welch Circle	391	670	12	3
841	2017-04-28	02:22:00	22:14:00	3.31	90.41	7 Harbort Center	83811 Ronald Regan Circle	253	161	15	2
842	2013-02-23	18:49:00	08:52:00	33.80	161.57	98 Novick Pass	596 Golden Leaf Place	30	291	4	3
843	2020-03-11	22:57:00	21:25:00	38.82	54.96	320 Cascade Center	31961 Kenwood Plaza	37	164	42	2
844	2022-09-10	20:49:00	09:16:00	40.87	78.20	928 Lotheville Pass	305 Roxbury Crossing	124	759	10	1
845	2016-08-30	16:53:00	14:53:00	12.49	124.98	04755 Grover Circle	8 New Castle Junction	190	85	14	1
846	2010-12-25	10:08:00	20:03:00	39.45	150.30	378 Chive Crossing	2 Northridge Point	483	18	36	1
847	2020-06-10	16:17:00	11:52:00	4.33	23.43	2205 Swallow Place	92 Sycamore Court	425	129	14	2
848	2022-03-18	07:17:00	20:34:00	2.56	171.50	7 Division Lane	183 Lotheville Place	232	741	11	1
849	2020-05-29	06:27:00	10:02:00	7.69	57.35	4414 Westridge Parkway	59 New Castle Parkway	318	231	49	2
850	2014-02-17	20:14:00	20:58:00	14.80	169.65	8950 Hayes Hill	692 John Wall Lane	436	384	40	3
851	2020-03-15	20:52:00	00:53:00	7.48	187.56	6989 Division Center	3 Luster Center	172	80	10	1
852	2012-06-07	09:50:00	00:30:00	38.49	168.85	48 Crescent Oaks Road	020 Summer Ridge Junction	456	534	1	2
853	2017-02-06	00:12:00	06:26:00	25.71	119.93	1 Commercial Terrace	73 Anniversary Center	465	454	19	2
854	2020-03-27	10:45:00	11:54:00	9.64	62.47	0 3rd Court	044 Ludington Center	174	150	31	1
855	2013-08-30	12:47:00	10:25:00	20.42	156.61	702 High Crossing Junction	3 Mccormick Street	337	739	11	1
856	2022-11-26	22:04:00	17:58:00	36.20	195.69	2494 Brown Point	83 Helena Court	422	547	11	1
857	2017-08-30	11:19:00	22:28:00	19.61	156.41	959 Gale Street	5 Kings Park	336	55	3	2
858	2018-06-30	12:12:00	13:17:00	1.45	177.77	1 Sunbrook Lane	26750 Continental Hill	72	526	26	2
859	2024-12-15	08:59:00	20:21:00	27.74	81.40	448 Mariners Cove Park	0522 Moland Plaza	107	542	41	1
860	2022-09-23	22:05:00	17:56:00	25.74	49.20	25 Shopko Court	8735 Waubesa Hill	238	436	25	3
861	2014-07-05	01:41:00	03:29:00	31.27	188.68	846 Shasta Street	0468 Saint Paul Center	67	324	3	2
862	2017-03-08	07:30:00	14:03:00	30.87	26.90	5324 Milwaukee Point	3 Pankratz Street	298	297	47	1
863	2018-04-20	02:28:00	17:23:00	20.58	137.29	2 Glendale Center	572 Heffernan Alley	425	568	19	2
864	2023-05-18	05:20:00	04:30:00	28.49	64.66	802 Canary Avenue	989 Schurz Way	92	163	8	3
865	2015-08-24	20:25:00	09:06:00	23.73	146.68	3290 Shelley Parkway	639 Spenser Parkway	202	29	5	2
866	2018-11-10	06:40:00	04:37:00	16.57	149.91	8 Sloan Circle	17 Express Way	165	197	24	2
867	2013-06-28	11:11:00	13:28:00	38.35	118.58	7912 Cody Street	48 American Pass	412	690	15	3
868	2014-12-18	09:53:00	14:05:00	39.20	49.17	40 Esker Pass	71380 Commercial Way	138	349	29	2
869	2018-11-01	17:41:00	10:24:00	35.55	158.39	76 Mayfield Center	4890 8th Circle	117	118	46	3
870	2013-05-19	20:18:00	01:58:00	42.37	54.11	47015 Delladonna Hill	4758 Bellgrove Avenue	480	212	4	2
871	2014-06-02	01:06:00	20:35:00	42.15	163.64	621 Brown Junction	7 Lindbergh Alley	454	93	7	3
872	2018-12-28	00:33:00	12:07:00	10.49	41.34	118 Saint Paul Way	02579 West Pass	439	117	33	2
873	2010-01-19	22:00:00	17:15:00	25.83	64.79	11 Dapin Point	98 Dennis Plaza	78	537	16	1
874	2023-07-24	22:29:00	09:47:00	28.78	178.93	9712 Norway Maple Road	983 Corry Place	182	202	13	2
875	2021-07-24	16:14:00	22:33:00	16.06	56.44	29 Talisman Alley	51 Autumn Leaf Way	316	281	34	3
876	2011-07-10	22:05:00	13:23:00	44.62	136.56	03960 Ludington Pass	9723 Atwood Trail	11	438	10	2
877	2014-11-20	13:44:00	14:03:00	1.49	80.34	7 Kinsman Point	4214 Lawn Plaza	48	473	45	3
878	2024-02-06	13:21:00	12:22:00	44.68	177.18	67780 Barby Lane	375 Heath Plaza	36	107	42	3
879	2022-07-29	14:42:00	00:00:00	6.65	109.85	12 Muir Road	8417 Lotheville Junction	285	516	42	3
880	2014-09-14	16:47:00	23:04:00	15.35	173.32	92518 Mallory Crossing	98 Farmco Alley	317	604	10	1
881	2016-12-07	09:47:00	05:44:00	41.42	39.79	880 Bartillon Road	808 Golf View Hill	156	104	16	2
882	2012-01-06	13:53:00	20:33:00	44.99	24.15	32 Russell Circle	25813 Service Circle	129	277	40	2
883	2011-08-25	07:10:00	10:38:00	18.86	65.95	6 Pine View Court	24684 Monument Trail	116	256	49	1
884	2014-10-30	07:17:00	23:06:00	25.45	137.99	51 Nova Plaza	152 Almo Drive	397	626	38	1
885	2017-11-08	06:55:00	11:36:00	20.53	101.23	5993 Portage Crossing	6357 Thompson Lane	378	285	18	1
886	2017-01-30	15:29:00	10:21:00	38.00	42.17	8 Dexter Trail	2783 Macpherson Way	236	478	13	3
887	2018-09-30	06:43:00	02:08:00	5.94	120.44	79 Dovetail Pass	9 Judy Road	191	598	23	2
888	2019-07-16	10:11:00	13:20:00	1.60	35.38	6 Nelson Park	52390 Magdeline Plaza	278	95	37	1
889	2010-07-22	05:35:00	18:41:00	28.65	68.35	19239 Hintze Plaza	89 Upham Park	376	219	41	1
890	2023-03-25	19:40:00	19:02:00	20.70	90.00	6 Buhler Road	305 Hayes Street	487	369	22	1
891	2010-11-23	12:16:00	06:55:00	37.66	136.82	55 Arizona Hill	230 Prairieview Trail	217	431	41	3
892	2020-01-01	02:56:00	21:11:00	11.08	22.43	7890 Rieder Court	6 Schlimgen Drive	100	201	29	2
893	2015-09-06	21:14:00	09:31:00	18.98	67.06	1 Kedzie Park	95602 Straubel Trail	462	498	34	1
894	2014-07-17	08:09:00	04:50:00	6.98	165.32	73 American Plaza	61215 Mendota Circle	447	268	3	3
895	2012-04-22	23:34:00	22:49:00	27.34	180.96	31518 Debra Street	2109 Southridge Center	5	253	36	3
896	2024-10-12	07:57:00	18:20:00	29.12	56.62	63 Butterfield Circle	0 Toban Circle	40	599	36	2
897	2018-03-31	11:57:00	08:21:00	15.20	148.44	18 Norway Maple Park	943 Pierstorff Alley	299	643	16	3
898	2022-07-24	09:31:00	00:48:00	24.76	86.49	05445 Saint Paul Lane	1702 Forest Trail	442	253	2	2
899	2020-07-17	05:46:00	15:31:00	1.16	184.32	86229 Tennessee Point	5 Mifflin Lane	265	360	47	1
900	2019-05-30	22:52:00	03:46:00	7.37	53.04	14544 Express Point	60 Mitchell Court	252	403	44	3
901	2013-05-13	21:38:00	17:54:00	13.62	194.09	3617 Cordelia Crossing	5 Morning Hill	79	775	10	3
902	2014-01-17	08:15:00	15:29:00	44.50	56.04	021 Spenser Pass	164 Northwestern Park	18	135	8	2
903	2010-11-14	17:00:00	21:32:00	36.06	177.79	6 Hintze Junction	890 Crownhardt Alley	414	616	11	1
904	2016-09-02	08:59:00	18:14:00	39.20	140.75	024 Kim Point	02543 Jenifer Street	380	612	20	2
905	2014-05-06	19:16:00	12:37:00	11.90	120.56	9432 Arapahoe Road	963 Stoughton Avenue	269	769	11	1
906	2019-03-28	09:30:00	07:17:00	25.28	45.06	229 Crownhardt Center	70 Thierer Road	208	82	34	3
907	2016-05-28	21:57:00	16:36:00	43.88	109.97	0 Canary Court	505 Westridge Junction	139	12	14	1
908	2013-07-18	19:16:00	17:47:00	32.13	152.50	67 Darwin Hill	9431 Continental Road	188	57	35	3
909	2014-06-02	19:47:00	15:49:00	20.90	89.61	8 Jenna Lane	53 Golf View Pass	2	699	20	2
910	2010-04-10	03:46:00	09:56:00	8.50	37.61	129 Vahlen Drive	68 Corry Plaza	72	649	18	1
911	2014-07-21	21:58:00	15:14:00	40.97	23.21	24302 Corben Plaza	7584 Graceland Circle	261	752	23	1
912	2022-02-22	14:50:00	04:21:00	43.19	177.43	1 Meadow Ridge Plaza	91 Hovde Junction	364	261	2	2
913	2015-01-19	20:39:00	02:08:00	19.29	166.73	55 Esker Park	8391 Cordelia Terrace	223	408	34	3
914	2018-05-09	05:30:00	03:08:00	6.65	55.39	48 Butternut Court	83773 Kedzie Way	481	386	15	2
915	2016-01-22	23:30:00	09:59:00	2.97	192.11	8 Melody Terrace	607 Charing Cross Terrace	372	674	1	1
916	2023-07-05	03:05:00	21:51:00	12.42	144.49	7 Lindbergh Circle	8278 Portage Street	184	590	37	1
917	2013-09-20	01:54:00	19:07:00	13.94	130.54	602 Corscot Court	65480 Hanover Parkway	239	96	17	1
918	2011-05-23	19:52:00	17:46:00	19.64	63.76	16819 Hayes Avenue	9676 Paget Avenue	238	389	26	1
919	2017-03-21	22:46:00	03:16:00	41.12	71.28	4 Mayfield Place	24865 Mccormick Terrace	226	345	13	3
920	2011-10-26	01:27:00	02:24:00	38.88	170.74	9 Green Ridge Alley	45 Golf Drive	344	183	17	2
921	2020-10-24	15:28:00	07:10:00	15.24	35.06	18 Crowley Street	42 Monument Avenue	480	746	41	2
922	2020-07-24	14:52:00	14:07:00	28.09	134.67	61320 Mockingbird Point	59777 Sunnyside Court	41	370	25	2
923	2016-03-04	09:32:00	06:43:00	12.96	136.03	53905 Oneill Road	27 Texas Terrace	244	316	42	2
924	2024-11-21	17:52:00	22:40:00	39.88	70.77	05642 Eliot Pass	05241 Melrose Avenue	412	593	4	2
925	2016-09-07	12:51:00	13:28:00	21.85	117.01	2843 Hoffman Center	58612 Wayridge Parkway	467	5	40	3
926	2012-02-16	04:44:00	13:01:00	2.61	105.56	9 Northfield Junction	55 Comanche Terrace	452	352	14	3
927	2016-09-19	16:21:00	05:35:00	40.41	142.94	64 Eastlawn Pass	61 Lindbergh Park	36	28	2	1
928	2014-09-13	08:45:00	13:30:00	11.13	121.12	287 Stephen Parkway	5091 Eliot Parkway	76	751	30	2
929	2024-04-26	18:27:00	10:54:00	37.23	75.52	7065 Carpenter Avenue	50 Dottie Trail	56	374	7	2
930	2019-07-05	04:07:00	17:05:00	20.57	40.47	29401 Ridgeway Plaza	78824 8th Lane	450	378	1	1
931	2022-02-28	10:19:00	23:42:00	34.51	98.80	62 Loomis Crossing	41 Packers Circle	189	667	1	1
932	2011-09-01	09:58:00	05:54:00	21.36	111.56	675 Brickson Park Lane	3 Armistice Junction	381	556	22	1
933	2016-07-29	15:33:00	14:06:00	1.65	199.67	113 Rusk Way	58464 Cottonwood Terrace	390	218	32	1
934	2020-10-09	04:09:00	09:53:00	38.76	98.10	8089 Anderson Point	70552 Kensington Pass	231	419	42	2
935	2011-03-20	10:51:00	19:29:00	44.44	131.42	5108 Pawling Avenue	059 Northridge Drive	64	99	24	2
936	2022-06-13	23:14:00	11:35:00	44.57	92.66	54 Monument Crossing	0 Buena Vista Circle	436	502	41	3
937	2018-06-06	00:21:00	03:46:00	42.21	119.89	20 Algoma Street	13 Bultman Circle	498	728	22	2
938	2013-11-15	11:43:00	18:35:00	21.51	102.90	99 Esch Point	93016 Paget Road	362	613	4	1
939	2018-11-17	15:03:00	11:19:00	22.28	127.19	62550 Gateway Plaza	91 Scott Junction	479	478	32	1
940	2018-10-28	07:02:00	08:35:00	4.16	28.52	1 Carpenter Parkway	5890 Derek Hill	19	712	20	2
941	2022-05-20	10:49:00	22:56:00	7.61	42.31	2 Swallow Avenue	39 Oakridge Road	373	556	43	1
942	2010-08-01	22:56:00	05:09:00	6.95	159.01	195 Eliot Pass	77 Waubesa Plaza	182	397	7	3
943	2021-12-30	14:43:00	01:53:00	35.22	190.71	6283 Weeping Birch Road	7 Kim Alley	400	796	40	1
944	2019-04-15	01:09:00	17:35:00	30.01	175.89	09 East Junction	803 Golf View Parkway	425	720	1	2
945	2018-05-14	03:19:00	18:15:00	11.01	190.89	50 Kennedy Court	85 Buena Vista Center	365	410	46	2
946	2016-12-07	06:39:00	19:37:00	29.13	47.28	7 Scoville Lane	66 Goodland Circle	130	665	11	2
947	2021-12-17	04:33:00	08:44:00	36.40	24.38	510 Westridge Place	49334 International Street	327	268	2	2
948	2010-12-02	08:18:00	19:13:00	40.18	25.10	9 Algoma Street	4 Union Drive	427	393	8	1
949	2010-08-20	05:31:00	08:48:00	37.92	154.72	8492 Browning Plaza	00656 Tomscot Circle	35	229	20	1
950	2011-08-12	18:01:00	22:48:00	12.01	26.90	371 Logan Drive	567 Logan Court	10	516	2	2
951	2012-09-01	15:34:00	04:04:00	1.79	83.99	662 Gale Terrace	00 Stone Corner Court	334	737	33	1
952	2016-09-16	18:51:00	09:16:00	24.13	45.48	35688 Tennessee Plaza	88 Eggendart Parkway	261	74	16	2
953	2018-09-21	23:04:00	02:19:00	19.65	84.77	3 Oneill Parkway	0023 Schlimgen Road	228	290	21	2
954	2014-03-15	06:50:00	03:38:00	17.61	55.23	22909 Florence Pass	57955 Schiller Terrace	85	130	30	2
955	2017-03-09	15:00:00	15:10:00	10.41	128.93	457 Bultman Center	8932 Vera Crossing	410	358	18	3
956	2017-11-10	13:36:00	11:10:00	37.78	148.13	0978 Esch Way	6 Hauk Junction	221	373	40	1
957	2016-03-11	17:09:00	00:50:00	19.72	154.68	62 Garrison Pass	82 Sunnyside Drive	442	539	41	2
958	2010-03-23	15:27:00	04:09:00	26.09	66.24	29 Schmedeman Parkway	3 Corben Point	191	253	49	2
959	2013-02-05	22:25:00	10:49:00	26.32	76.40	94 High Crossing Crossing	02653 Novick Alley	59	413	40	1
960	2018-12-05	21:23:00	11:58:00	25.38	71.58	8 Holy Cross Place	8 Bonner Road	421	137	30	2
961	2019-01-19	08:55:00	16:50:00	27.78	99.75	839 Sutherland Trail	35 7th Court	323	591	48	2
962	2017-04-26	15:24:00	15:55:00	11.93	133.86	14 Chive Avenue	45 Mifflin Trail	91	237	37	1
963	2024-05-31	08:28:00	06:17:00	44.55	188.30	6446 Waubesa Way	44 Ramsey Drive	52	705	27	1
964	2018-07-14	23:03:00	16:02:00	42.97	25.44	4 Dennis Circle	2996 Karstens Drive	129	125	11	3
965	2017-07-27	21:47:00	17:50:00	19.28	156.03	6261 Delaware Pass	7 Clove Hill	101	473	6	1
966	2021-09-11	12:32:00	02:57:00	2.83	80.37	36578 Merchant Hill	1 Kim Avenue	254	352	25	1
967	2015-02-13	01:29:00	00:35:00	39.88	121.12	197 Anniversary Drive	8497 Cambridge Park	426	376	43	3
968	2023-07-13	06:43:00	01:03:00	30.93	74.70	91 Hoffman Parkway	0 Old Gate Crossing	71	39	35	2
969	2019-11-23	08:14:00	17:33:00	42.38	57.60	30556 Lyons Pass	700 Helena Junction	6	337	9	2
970	2019-10-06	12:06:00	04:35:00	29.58	112.92	48266 Thompson Drive	752 Killdeer Center	370	755	37	1
971	2022-05-16	08:32:00	03:52:00	13.28	26.58	425 Heffernan Plaza	22 Old Shore Plaza	275	619	27	1
972	2020-02-01	09:27:00	18:23:00	21.63	132.72	1 Aberg Road	173 Manley Avenue	400	394	36	1
973	2024-07-04	17:01:00	18:39:00	32.38	60.24	7 Boyd Park	8391 Mariners Cove Pass	133	285	18	3
974	2017-10-30	03:25:00	07:54:00	33.54	147.55	6626 Nova Way	30 La Follette Pass	458	261	46	3
975	2010-01-29	23:03:00	09:58:00	19.78	175.18	21 Lake View Avenue	4 Blaine Alley	178	591	16	3
976	2017-01-07	10:51:00	05:45:00	28.98	159.97	9608 Fairfield Hill	794 Alpine Court	426	514	26	3
977	2023-05-22	00:22:00	09:22:00	1.93	113.92	65899 Chinook Drive	4647 Jackson Place	354	175	6	3
978	2016-04-25	17:38:00	15:41:00	2.31	160.26	90 Vernon Terrace	720 Killdeer Plaza	82	59	44	1
979	2024-11-14	14:03:00	14:26:00	1.91	68.62	37 Monterey Park	528 Green Ridge Terrace	155	89	43	3
980	2014-03-05	23:20:00	12:45:00	27.71	87.45	630 Towne Road	8 Toban Avenue	379	662	22	2
981	2012-06-09	23:39:00	21:58:00	33.53	188.43	607 Vahlen Crossing	023 Vidon Park	499	341	48	1
982	2014-05-03	16:57:00	03:52:00	32.09	55.13	9266 Sunfield Center	51 Harper Avenue	36	77	47	1
983	2014-12-01	18:03:00	17:55:00	3.01	153.15	07 Macpherson Terrace	01924 Myrtle Avenue	80	158	18	1
984	2016-11-28	15:49:00	01:21:00	39.88	85.80	5 1st Alley	93 Pleasure Circle	276	446	16	1
985	2011-06-03	22:27:00	11:23:00	8.33	178.58	16 Lerdahl Terrace	8473 Lerdahl Park	90	627	43	2
986	2018-12-23	22:09:00	13:59:00	41.79	30.25	14 Fieldstone Trail	99818 Rusk Park	69	432	23	1
987	2024-04-28	04:43:00	10:41:00	44.92	109.73	7356 Comanche Place	05 6th Center	488	383	41	2
988	2013-06-16	17:58:00	05:41:00	42.95	193.67	76 Orin Trail	0262 Spohn Way	335	469	24	3
989	2011-01-03	00:09:00	03:05:00	17.59	55.97	32958 Saint Paul Junction	8 Hayes Parkway	171	609	19	1
990	2023-12-25	14:12:00	05:14:00	18.69	185.59	53 Dryden Court	68924 Lukken Pass	206	708	15	2
991	2022-11-06	11:12:00	04:21:00	20.87	30.92	7309 Express Park	838 Sutherland Way	228	488	34	2
992	2014-01-25	14:23:00	21:54:00	21.62	92.03	88526 Maple Wood Terrace	6 Florence Parkway	376	757	13	3
993	2012-02-20	06:33:00	16:14:00	33.83	197.06	5563 Texas Circle	0 Boyd Alley	350	402	49	2
994	2010-02-12	16:12:00	16:13:00	11.70	25.06	4 Green Point	44 Village Green Trail	435	178	48	3
995	2012-04-09	22:24:00	03:01:00	25.38	185.83	63629 Jackson Point	9457 Macpherson Terrace	247	706	44	3
996	2017-08-20	07:01:00	22:04:00	1.20	197.93	3289 Sheridan Circle	1524 7th Center	421	310	15	2
997	2014-05-08	09:00:00	03:04:00	17.85	194.59	61 Schiller Junction	941 Melby Point	61	582	28	1
998	2017-11-02	16:31:00	12:41:00	3.91	96.28	6 Pennsylvania Plaza	39 Grim Trail	180	698	11	3
999	2015-04-15	05:44:00	21:41:00	41.95	137.19	7 Grasskamp Pass	2330 Manley Way	399	580	21	2
1000	2011-12-27	01:32:00	08:04:00	37.36	49.66	9 Dryden Junction	3 Cardinal Crossing	423	123	16	1
\.


--
-- Name: city_city_id_seq; Type: SEQUENCE SET; Schema: public; Owner: postgres
--

SELECT pg_catalog.setval('public.city_city_id_seq', 49, true);


--
-- Name: city_office_office_id_seq; Type: SEQUENCE SET; Schema: public; Owner: postgres
--

SELECT pg_catalog.setval('public.city_office_office_id_seq', 200, true);


--
-- Name: customer_customer_id_seq; Type: SEQUENCE SET; Schema: public; Owner: postgres
--

SELECT pg_catalog.setval('public.customer_customer_id_seq', 500, true);


--
-- Name: driver_driver_id_seq; Type: SEQUENCE SET; Schema: public; Owner: postgres
--

SELECT pg_catalog.setval('public.driver_driver_id_seq', 800, true);


--
-- Name: employee_employee_id_seq; Type: SEQUENCE SET; Schema: public; Owner: postgres
--

SELECT pg_catalog.setval('public.employee_employee_id_seq', 400, true);


--
-- Name: payment_method_payment_method_id_seq; Type: SEQUENCE SET; Schema: public; Owner: postgres
--

SELECT pg_catalog.setval('public.payment_method_payment_method_id_seq', 3, true);


--
-- Name: rating_rating_id_seq; Type: SEQUENCE SET; Schema: public; Owner: postgres
--

SELECT pg_catalog.setval('public.rating_rating_id_seq', 1000, true);


--
-- Name: ride_ride_id_seq; Type: SEQUENCE SET; Schema: public; Owner: postgres
--

SELECT pg_catalog.setval('public.ride_ride_id_seq', 1000, true);


--
-- Name: city_office city_office_pkey; Type: CONSTRAINT; Schema: public; Owner: postgres
--

ALTER TABLE ONLY public.city_office
    ADD CONSTRAINT city_office_pkey PRIMARY KEY (office_id);


--
-- Name: city city_pkey; Type: CONSTRAINT; Schema: public; Owner: postgres
--

ALTER TABLE ONLY public.city
    ADD CONSTRAINT city_pkey PRIMARY KEY (city_id);


--
-- Name: customer customer_cust_phone_key; Type: CONSTRAINT; Schema: public; Owner: postgres
--

ALTER TABLE ONLY public.customer
    ADD CONSTRAINT customer_cust_phone_key UNIQUE (cust_phone);


--
-- Name: customer customer_email_key; Type: CONSTRAINT; Schema: public; Owner: postgres
--

ALTER TABLE ONLY public.customer
    ADD CONSTRAINT customer_email_key UNIQUE (email);


--
-- Name: customer customer_pkey; Type: CONSTRAINT; Schema: public; Owner: postgres
--

ALTER TABLE ONLY public.customer
    ADD CONSTRAINT customer_pkey PRIMARY KEY (customer_id);


--
-- Name: driver driver_driver_phone_key; Type: CONSTRAINT; Schema: public; Owner: postgres
--

ALTER TABLE ONLY public.driver
    ADD CONSTRAINT driver_driver_phone_key UNIQUE (driver_phone);


--
-- Name: driver driver_driving_license_no_key; Type: CONSTRAINT; Schema: public; Owner: postgres
--

ALTER TABLE ONLY public.driver
    ADD CONSTRAINT driver_driving_license_no_key UNIQUE (driving_license_no);


--
-- Name: driver driver_pkey; Type: CONSTRAINT; Schema: public; Owner: postgres
--

ALTER TABLE ONLY public.driver
    ADD CONSTRAINT driver_pkey PRIMARY KEY (driver_id);


--
-- Name: driver driver_vehicle_plate_no_key; Type: CONSTRAINT; Schema: public; Owner: postgres
--

ALTER TABLE ONLY public.driver
    ADD CONSTRAINT driver_vehicle_plate_no_key UNIQUE (vehicle_plate_no);


--
-- Name: employee employee_pkey; Type: CONSTRAINT; Schema: public; Owner: postgres
--

ALTER TABLE ONLY public.employee
    ADD CONSTRAINT employee_pkey PRIMARY KEY (employee_id);


--
-- Name: payment_method payment_method_pkey; Type: CONSTRAINT; Schema: public; Owner: postgres
--

ALTER TABLE ONLY public.payment_method
    ADD CONSTRAINT payment_method_pkey PRIMARY KEY (payment_method_id);


--
-- Name: rating rating_pkey; Type: CONSTRAINT; Schema: public; Owner: postgres
--

ALTER TABLE ONLY public.rating
    ADD CONSTRAINT rating_pkey PRIMARY KEY (rating_id);


--
-- Name: ride ride_pkey; Type: CONSTRAINT; Schema: public; Owner: postgres
--

ALTER TABLE ONLY public.ride
    ADD CONSTRAINT ride_pkey PRIMARY KEY (ride_id);


--
-- Name: city_office city_office_city_id_fkey; Type: FK CONSTRAINT; Schema: public; Owner: postgres
--

ALTER TABLE ONLY public.city_office
    ADD CONSTRAINT city_office_city_id_fkey FOREIGN KEY (city_id) REFERENCES public.city(city_id);


--
-- Name: customer customer_city_id_fkey; Type: FK CONSTRAINT; Schema: public; Owner: postgres
--

ALTER TABLE ONLY public.customer
    ADD CONSTRAINT customer_city_id_fkey FOREIGN KEY (city_id) REFERENCES public.city(city_id);


--
-- Name: driver driver_city_id_fkey; Type: FK CONSTRAINT; Schema: public; Owner: postgres
--

ALTER TABLE ONLY public.driver
    ADD CONSTRAINT driver_city_id_fkey FOREIGN KEY (city_id) REFERENCES public.city(city_id);


--
-- Name: employee employee_city_id_fkey; Type: FK CONSTRAINT; Schema: public; Owner: postgres
--

ALTER TABLE ONLY public.employee
    ADD CONSTRAINT employee_city_id_fkey FOREIGN KEY (city_id) REFERENCES public.city(city_id) ON DELETE SET NULL;


--
-- Name: employee employee_manager_id_fkey; Type: FK CONSTRAINT; Schema: public; Owner: postgres
--

ALTER TABLE ONLY public.employee
    ADD CONSTRAINT employee_manager_id_fkey FOREIGN KEY (manager_id) REFERENCES public.employee(employee_id) ON DELETE SET NULL;


--
-- Name: employee employee_office_id_fkey; Type: FK CONSTRAINT; Schema: public; Owner: postgres
--

ALTER TABLE ONLY public.employee
    ADD CONSTRAINT employee_office_id_fkey FOREIGN KEY (office_id) REFERENCES public.city_office(office_id) ON DELETE SET NULL;


--
-- Name: city_office fk_cityoffice_manager; Type: FK CONSTRAINT; Schema: public; Owner: postgres
--

ALTER TABLE ONLY public.city_office
    ADD CONSTRAINT fk_cityoffice_manager FOREIGN KEY (manager_id) REFERENCES public.employee(employee_id);


--
-- Name: rating rating_ride_id_fkey; Type: FK CONSTRAINT; Schema: public; Owner: postgres
--

ALTER TABLE ONLY public.rating
    ADD CONSTRAINT rating_ride_id_fkey FOREIGN KEY (ride_id) REFERENCES public.ride(ride_id);


--
-- Name: ride ride_city_id_fkey; Type: FK CONSTRAINT; Schema: public; Owner: postgres
--

ALTER TABLE ONLY public.ride
    ADD CONSTRAINT ride_city_id_fkey FOREIGN KEY (city_id) REFERENCES public.city(city_id);


--
-- Name: ride ride_customer_id_fkey; Type: FK CONSTRAINT; Schema: public; Owner: postgres
--

ALTER TABLE ONLY public.ride
    ADD CONSTRAINT ride_customer_id_fkey FOREIGN KEY (customer_id) REFERENCES public.customer(customer_id);


--
-- Name: ride ride_driver_id_fkey; Type: FK CONSTRAINT; Schema: public; Owner: postgres
--

ALTER TABLE ONLY public.ride
    ADD CONSTRAINT ride_driver_id_fkey FOREIGN KEY (driver_id) REFERENCES public.driver(driver_id);


--
-- Name: ride ride_payment_method_id_fkey; Type: FK CONSTRAINT; Schema: public; Owner: postgres
--

ALTER TABLE ONLY public.ride
    ADD CONSTRAINT ride_payment_method_id_fkey FOREIGN KEY (payment_method_id) REFERENCES public.payment_method(payment_method_id) ON DELETE SET NULL;


--
-- PostgreSQL database dump complete
--

\unrestrict Vgdx0pN2Ax60VvKaahbg27embr5pcUt0Z7XopvZBA8bWUKqOu1SNw0I6V6H1OZ7

